id,created_at,downloaded_at,agency,text,url,retweet_count
786584797082689536,Thu Oct 13 15:10:04 +0000 2016,2016-10-13 08:15:14.248274,The New York Times,"Days after Hurricane Matthew left North Carolina, flooding continues to threaten cities well upstream from the coas… https://t.co/b7rKFYfIdQ",https://t.co/b7rKFYfIdQ,19
786582352080371712,Thu Oct 13 15:00:21 +0000 2016,2016-10-13 08:15:14.248301,The New York Times,Meet the first male CoverGirl: https://t.co/5ptQZUV0xo via @NYTFashion https://t.co/xqHaSZFRo5,https://t.co/5ptQZUV0xo,44
786579794087542784,Thu Oct 13 14:50:11 +0000 2016,2016-10-13 08:15:14.248313,The New York Times,What Donald Trump is right about https://t.co/C46R67423u via @nytopinion https://t.co/GHhbOgd9V6,https://t.co/C46R67423u,41
786577251278188545,Thu Oct 13 14:40:05 +0000 2016,2016-10-13 08:15:14.248323,The New York Times,"In 1963, The Times reviewed a concert by Bob Dylan, ""a young giant"" https://t.co/KgPaLyJHgT https://t.co/RUDsEJXYPs",https://t.co/KgPaLyJHgT,218
786574998366453762,Thu Oct 13 14:31:08 +0000 2016,2016-10-13 08:15:14.248334,The New York Times,"Donald Trump warned of a ""stolen election"" https://t.co/8iSPRdsmYU https://t.co/KdPaxlVF8N",https://t.co/8iSPRdsmYU,60
786572223213633536,Thu Oct 13 14:20:06 +0000 2016,2016-10-13 08:15:14.248345,The New York Times,She spent years using Adderall to get through school and start her career. Then she tried to get off it. https://t.co/bYMzLJzvT0,https://t.co/bYMzLJzvT0,81
786569705708457984,Thu Oct 13 14:10:06 +0000 2016,2016-10-13 08:15:14.248355,The New York Times,Many politicians reacting to the Trump video spoke about women in possessive terms  https://t.co/7mq7fdZ6X2,https://t.co/7mq7fdZ6X2,123
786567244201488385,Thu Oct 13 14:00:19 +0000 2016,2016-10-13 08:15:14.248365,The New York Times,Morning Briefing: Here's what you need to know to start your day https://t.co/OfweorVc8L https://t.co/nBKCyTR5n4,https://t.co/OfweorVc8L,20
786565424553009153,Thu Oct 13 13:53:05 +0000 2016,2016-10-13 08:15:14.248375,The New York Times,The professor wore a hijab in solidarity. Then she lost her job. https://t.co/1DL8Gy8YjY https://t.co/fpDEtiqysi,https://t.co/1DL8Gy8YjY,236
786563668683128832,Thu Oct 13 13:46:06 +0000 2016,2016-10-13 08:15:14.248386,The New York Times,"What the death of Thailand's king means, and what's next https://t.co/tYN6atUFR1 https://t.co/CU2qy2lcXE",https://t.co/tYN6atUFR1,372
786561137663967232,Thu Oct 13 13:36:03 +0000 2016,2016-10-13 08:15:14.248396,The New York Times,"Donald Trump said Paul Ryan's refusal to support his candidacy was part of a ""sinister deal going on"" https://t.co/6feue296px",https://t.co/6feue296px,91
786558805341536256,Thu Oct 13 13:26:47 +0000 2016,2016-10-13 08:15:14.248406,The New York Times,"Thomas Mikal Ford, known for his role in ’90s sitcom ""Martin,"" dies at 52 https://t.co/cTLK5XOeP1",https://t.co/cTLK5XOeP1,95
786554612354584576,Thu Oct 13 13:10:07 +0000 2016,2016-10-13 08:15:14.248416,The New York Times,"In Saudi Arabia, even milk depends on oil https://t.co/MDLca4g4uT https://t.co/WYQqepyMJJ",https://t.co/MDLca4g4uT,86
786552107767914496,Thu Oct 13 13:00:10 +0000 2016,2016-10-13 08:15:14.248427,The New York Times,"A look at the rapid decline of NJ Transit, one of the nation's busiest commuter railroads: https://t.co/Sy1Uv90eWO https://t.co/A8qYQT1UkO",https://t.co/Sy1Uv90eWO,74
786550316946825216,Thu Oct 13 12:53:03 +0000 2016,2016-10-13 08:15:14.248437,The New York Times,"""You are a disgusting human being,” Trump told our reporter as she questioned him about the claims https://t.co/QIifLgAAuw",https://t.co/QIifLgAAuw,530
786548061812224000,Thu Oct 13 12:44:05 +0000 2016,2016-10-13 08:15:14.248447,The New York Times,"""Life as usual and business as usual can no longer continue."" Saudi Arabia and the effects of low crude prices:… https://t.co/P3PdNwLYq2",https://t.co/P3PdNwLYq2,49
786545785919897600,Thu Oct 13 12:35:03 +0000 2016,2016-10-13 08:15:14.248457,The New York Times,4 Republican members of Congress who had demanded that Donald Trump leave the presidential race retreated quietly https://t.co/EmyesHE0y0,https://t.co/EmyesHE0y0,123
786543521054519296,Thu Oct 13 12:26:03 +0000 2016,2016-10-13 08:15:14.248468,The New York Times,"Boko Haram releases 21 girls kidnapped from a school in Chibok, Nigeria says https://t.co/IWsmjrea1o https://t.co/j1tCTaXPgx",https://t.co/IWsmjrea1o,402
786541246122565632,Thu Oct 13 12:17:00 +0000 2016,2016-10-13 08:15:14.248478,The New York Times,King Bhumibol Adulyadej took the throne shortly after World War II and held it for more than 70 years https://t.co/4SpZBCA1QC,https://t.co/4SpZBCA1QC,1102
786539255833190400,Thu Oct 13 12:09:06 +0000 2016,2016-10-13 08:15:14.248488,The New York Times,"“He was like an octopus,” said a woman who sat next to Trump on a plane. “His hands were everywhere.” https://t.co/FrF5IlaGZj",https://t.co/FrF5IlaGZj,318
786585288923643904,Thu Oct 13 15:12:01 +0000 2016,2016-10-13 08:15:14.509701,The Sun,"Fans remember her as a freckle-faced tot, but #EastEnders’ Tiffany Butcher all grown up https://t.co/5FnKSRH2dm https://t.co/OOTMSECsXU",https://t.co/5FnKSRH2dm,0
786584034017247233,Thu Oct 13 15:07:02 +0000 2016,2016-10-13 08:15:14.509727,The Sun,Ever wondered why they put that strange little plastic table on top of your takeaway pizza? https://t.co/lYWCGlAw34 https://t.co/W84dbKM8UW,https://t.co/lYWCGlAw34,0
786583784372207616,Thu Oct 13 15:06:02 +0000 2016,2016-10-13 08:15:14.509745,The Sun,RT @TheSunShowbiz: .@Megan_Mckenna_ and @P_Wicks01 spotted having tense encounter before she leaves him sobbing https://t.co/sEiqr7QEIh htt…,https://t.co/sEiqr7QEIh,1
786582770730532864,Thu Oct 13 15:02:01 +0000 2016,2016-10-13 08:15:14.509764,The Sun,Can this really happen to your lips when two wasps sting them? https://t.co/WfklfFFuTO https://t.co/Mf7gchgmLP,https://t.co/WfklfFFuTO,1
786581515790585856,Thu Oct 13 14:57:01 +0000 2016,2016-10-13 08:15:14.509784,The Sun,Poor pitbull kept as a SEX SLAVE and repeatedly raped by its owner https://t.co/YwJbJaNpbN https://t.co/2CaKOtEtyk,https://t.co/YwJbJaNpbN,4
786580327703650304,Thu Oct 13 14:52:18 +0000 2016,2016-10-13 08:15:14.509802,The Sun,RT @SunSport: BREAKING: Betting suspended on Antonio Conte getting sacked by Chelsea https://t.co/L6rP8pVUTQ https://t.co/q5LHm3sqfo,https://t.co/L6rP8pVUTQ,25
786580254198472705,Thu Oct 13 14:52:01 +0000 2016,2016-10-13 08:15:14.509816,The Sun,'Her dirty tampons were in my boiler': That's enough #JeremyKyle for today https://t.co/ZiVQ4ncQPc https://t.co/cck5GHTFc2,https://t.co/ZiVQ4ncQPc,1
786579877294112768,Thu Oct 13 14:50:31 +0000 2016,2016-10-13 08:15:14.509827,The Sun,RT @Fabulousmag: We *love* our new cover fronted by the absolutely brilliant and totally inspirational @ThisisDavina https://t.co/Cfyjrjz0X…,,4
786579458706829312,Thu Oct 13 14:48:51 +0000 2016,2016-10-13 08:15:14.509837,The Sun,RT @TheSunFootball: BREAKING: Betting suspended on Antonio Conte getting sacked by Chelsea https://t.co/X6wtxpOAIe https://t.co/MVSEQ9Ta9E,https://t.co/X6wtxpOAIe,59
786578997635416064,Thu Oct 13 14:47:01 +0000 2016,2016-10-13 08:15:14.509855,The Sun,Chilling ‘killer clown’ threat to school pupils leads to kids being shut inside at lunchtime https://t.co/IVGr1SRtiZ https://t.co/N46Y4wPLq5,https://t.co/IVGr1SRtiZ,6
786577739302273024,Thu Oct 13 14:42:01 +0000 2016,2016-10-13 08:15:14.509874,The Sun,Customers outraged over Pizza Hut’s Triple Treat box 'lie' https://t.co/vr36v3MSt2 https://t.co/5UOUjYIJYO,https://t.co/vr36v3MSt2,4
786577021728063488,Thu Oct 13 14:39:10 +0000 2016,2016-10-13 08:15:14.509891,The Sun,"RT @DearDeidre: 'I got pregnant off a one night stand, but the father isn’t interested' https://t.co/eYR3LGNMSw https://t.co/QQdlkwgwMt",https://t.co/eYR3LGNMSw,2
786576896591028224,Thu Oct 13 14:38:40 +0000 2016,2016-10-13 08:15:14.509909,The Sun,RT @SunSport: Dele Alli's girlfriend looks incredible in new saucy lingerie shots https://t.co/GvzDFYJao9 https://t.co/OcJFCR3pMT,https://t.co/GvzDFYJao9,5
786576886231142404,Thu Oct 13 14:38:38 +0000 2016,2016-10-13 08:15:14.509926,The Sun,RT @TheSunFootball: Dwight Yorke slams Gareth Southgate's treatment of Wayne Rooney as a 'disgrace' https://t.co/cFfeaQfgfR https://t.co/BW…,https://t.co/cFfeaQfgfR,6
786576480490889216,Thu Oct 13 14:37:01 +0000 2016,2016-10-13 08:15:14.509945,The Sun,Former #XFactor star @RebeccaFMusic slams ex-boyfriend @zaynmalik over Gigi romance https://t.co/FTuXu4LSU1 https://t.co/7kSocmAxaE,https://t.co/FTuXu4LSU1,2
786575608507723776,Thu Oct 13 14:33:33 +0000 2016,2016-10-13 08:15:14.509964,The Sun,Awwww! @realjoeswash just popped the question to @StaceySolomon on Celebrity Juice 💍 https://t.co/oSkDlMd1Yy https://t.co/Ijfa7bD3Sq,https://t.co/oSkDlMd1Yy,5
786575221843173376,Thu Oct 13 14:32:01 +0000 2016,2016-10-13 08:15:14.509982,The Sun,Axed #XFactor group @ThisIsTheBrooks set for sensational return? https://t.co/BMMHQKPFM4 https://t.co/tUEL8SatjM,https://t.co/BMMHQKPFM4,0
786573966085386241,Thu Oct 13 14:27:02 +0000 2016,2016-10-13 08:15:14.509997,The Sun,Do you apply your make-up on the train to work? This is the very serious reason why you shouldn’t… https://t.co/dLPJMRzMyR,https://t.co/dLPJMRzMyR,1
786572711258681344,Thu Oct 13 14:22:02 +0000 2016,2016-10-13 08:15:14.510008,The Sun,Still a better love story than Twilight 💔 #GBBO https://t.co/UEhHoGOI8W https://t.co/gtRpQ8SxER,https://t.co/UEhHoGOI8W,5
786572676378857472,Thu Oct 13 14:21:54 +0000 2016,2016-10-13 08:15:14.510075,The Sun,Man arrested after making bomb threat at an airline ticket counter at Geneva Airport https://t.co/S6zTypWk7b https://t.co/ThQPjrTCVQ,https://t.co/S6zTypWk7b,6
786575607886966784,Thu Oct 13 14:33:33 +0000 2016,2016-10-13 08:15:14.781514,The Times of London,Thailand mourns death of longest-reigning king https://t.co/OfvA4wxVVv https://t.co/56FpIZ1cf4,https://t.co/OfvA4wxVVv,11
786574517439082496,Thu Oct 13 14:29:13 +0000 2016,2016-10-13 08:15:14.781576,The Times of London,"RT @NewsUKArchives: Bob Dylan live, Isle of Wight Festival, 1969. The winner of the #NobelPrize for literature 2016. #BobDylan #Dylan @bobd…",,14
786552247123578880,Thu Oct 13 13:00:43 +0000 2016,2016-10-13 08:15:14.781615,The Times of London,Bob Dylan has become the first songwriter to be awarded the Nobel Prize for Literature https://t.co/vrp48cUZGG https://t.co/l5FncqvpTg,https://t.co/vrp48cUZGG,52
786538675379265536,Thu Oct 13 12:06:48 +0000 2016,2016-10-13 08:15:14.781629,The Times of London,Hate crime is on the rise in the month after EU referendum poll https://t.co/3uT8esti9J https://t.co/N55WwbBJ0f,https://t.co/3uT8esti9J,12
786528898309877760,Thu Oct 13 11:27:57 +0000 2016,2016-10-13 08:15:14.781640,The Times of London,.@BenMacintyre1 called it back in 2014. Today it came true. Why Bob Dylan should freewheel to the #NobelPrize… https://t.co/dEYltcilmp,https://t.co/dEYltcilmp,18
786514007788322816,Thu Oct 13 10:28:46 +0000 2016,2016-10-13 08:15:14.781688,The Times of London,"If your train is 15 minutes late, you may be able to get money back https://t.co/PzhGsfcmMJ https://t.co/ooify3jG3k",https://t.co/PzhGsfcmMJ,5
786499160379916288,Thu Oct 13 09:29:46 +0000 2016,2016-10-13 08:15:14.781770,The Times of London,David Cameron has been branded one of the worst prime ministers in modern history in a poll of academics… https://t.co/CvCON4LryW,https://t.co/CvCON4LryW,47
786486124533387264,Thu Oct 13 08:37:58 +0000 2016,2016-10-13 08:15:14.781785,The Times of London,.@OliverKayTimes interviews Scott McGarvey on the scandal that cost Sam Allardyce the England job… https://t.co/eBD16ZWeS6,https://t.co/eBD16ZWeS6,6
786579622288764929,Thu Oct 13 14:49:30 +0000 2016,2016-10-13 08:15:15.028740,The Associated Press,Arkansas Supreme Court says voters can consider a medical marijuana proposal on the November ballot. https://t.co/INFIvzJgza,https://t.co/INFIvzJgza,51
786578813736062977,Thu Oct 13 14:46:17 +0000 2016,2016-10-13 08:15:15.028767,The Associated Press,BREAKING: Arkansas Supreme Court says voters can consider a medical marijuana proposal on the November ballot.,,206
786575673930514433,Thu Oct 13 14:33:49 +0000 2016,2016-10-13 08:15:15.028778,The Associated Press,RT @AP_Oddities: NY man accused of numerous housing and code violations and illegally keeping a deer as a pet. https://t.co/1Ro7piE9ii #odd,https://t.co/1Ro7piE9ii,28
786574553342443520,Thu Oct 13 14:29:22 +0000 2016,2016-10-13 08:15:15.028788,The Associated Press,UN General Assembly elects Portugal's former prime minister Antonio Guterres as next secretary-general. https://t.co/XePO0bzrpj,https://t.co/XePO0bzrpj,77
786573456557170689,Thu Oct 13 14:25:00 +0000 2016,2016-10-13 08:15:15.028798,The Associated Press,BREAKING: UN General Assembly elects Antonio Guterres as secretary-general.,,282
786567459188899840,Thu Oct 13 14:01:10 +0000 2016,2016-10-13 08:15:15.028807,The Associated Press,Authorities say a 3-year-old boy was accidentally shot and killed in suburban Chicago. https://t.co/y7djCXRmU2,https://t.co/y7djCXRmU2,69
786560938900070401,Thu Oct 13 13:35:16 +0000 2016,2016-10-13 08:15:15.028817,The Associated Press,VIDEO: U.S.-launched Tomahawk cruise missiles destroy 3 coastal radar sites on Yemen's Coast. https://t.co/HOicqqBXji,https://t.co/HOicqqBXji,126
786552765183033344,Thu Oct 13 13:02:47 +0000 2016,2016-10-13 08:15:15.028826,The Associated Press,RT @AP_Oddities: A long distance: Phyllis the elephant seal sets record by swimming the farthest west.  https://t.co/XbRrBViXqU #odd,https://t.co/XbRrBViXqU,40
786548124638670848,Thu Oct 13 12:44:20 +0000 2016,2016-10-13 08:15:15.028836,The Associated Press,"BREAKING: Labor Department says applications for unemployment benefits unchanged last week, stay at 43-year-low. https://t.co/yFKkfo6maK",https://t.co/yFKkfo6maK,260
786545300269826048,Thu Oct 13 12:33:07 +0000 2016,2016-10-13 08:15:15.028846,The Associated Press,"AP VIDEO: Remembering Thailand's king, a deeply revered monarch who anchored his nation through violent upheavals. https://t.co/E7froorpxj",https://t.co/E7froorpxj,133
786541640001458176,Thu Oct 13 12:18:34 +0000 2016,2016-10-13 08:15:15.028856,The Associated Press,BREAKING: Thai prime minister says Crown Prince Maha Vajiralongkorn will be the new monarch in accordance with the constitution.,,1273
786540991318810624,Thu Oct 13 12:16:00 +0000 2016,2016-10-13 08:15:15.028865,The Associated Press,BREAKING: Thai Prime Minister Prayuth Chan-ocha declares a one-year mourning period for government officials after king dies.,,368
786538416024481792,Thu Oct 13 12:05:46 +0000 2016,2016-10-13 08:15:15.028874,The Associated Press,Nigerian military source says four detained Boko Haram leaders swapped for the release of 21 Chibok schoolgirls. https://t.co/fvDbz4OetS,https://t.co/fvDbz4OetS,148
786537981142327296,Thu Oct 13 12:04:02 +0000 2016,2016-10-13 08:15:15.028884,The Associated Press,"Thailand's Royal Palace says King Bhumibol, the world's longest-reigning monarch, dies at age 88. https://t.co/nF7d983y3K",https://t.co/nF7d983y3K,651
786535668000448512,Thu Oct 13 11:54:51 +0000 2016,2016-10-13 08:15:15.028894,The Associated Press,"BREAKING: Royal Palace says Thailand's King Bhumibol, world's longest-reigning monarch, has died at age 88.",,1101
786535236335177728,Thu Oct 13 11:53:08 +0000 2016,2016-10-13 08:15:15.028903,The Associated Press,BREAKING: Nigeria military officer: 4 Boko Haram fighters swapped for release of abducted Chibok girls.,,305
786533079913553920,Thu Oct 13 11:44:33 +0000 2016,2016-10-13 08:15:15.028912,The Associated Press,"Activists, civil defense responders say at least 65 killed in last 3 days in strikes in rebel-held areas of Aleppo. https://t.co/y0QxRrlz48",https://t.co/y0QxRrlz48,104
786524047639126016,Thu Oct 13 11:08:40 +0000 2016,2016-10-13 08:15:15.028922,The Associated Press,Bob Dylan wins 2016 Nobel Prize in literature. https://t.co/9kzpfqhBx7,https://t.co/9kzpfqhBx7,407
786522642710982656,Thu Oct 13 11:03:05 +0000 2016,2016-10-13 08:15:15.028931,The Associated Press,BREAKING:  Bob Dylan wins Nobel Prize in literature.,,1022
786518897931542529,Thu Oct 13 10:48:12 +0000 2016,2016-10-13 08:15:15.028941,The Associated Press,BREAKING: Nigerian spokesman: Release of 21 Chibok schoolgirls result of negotiations with Boko Haram.,,507
786584698994692096,Thu Oct 13 15:09:40 +0000 2016,2016-10-13 08:15:15.266105,CNN,"After more than half a century writing and performing music, Bob Dylan wins the 2016 Nobel Prize in Literature… https://t.co/jANbXjAMP5",https://t.co/jANbXjAMP5,138
786582979002990592,Thu Oct 13 15:02:50 +0000 2016,2016-10-13 08:15:15.266136,CNN,"In the future, motorcycle riders' feet may not even hit the ground. Meet BMW's self-balancing motorcycle of tomorro… https://t.co/373g9cGCWu",https://t.co/373g9cGCWu,139
786581008372072448,Thu Oct 13 14:55:01 +0000 2016,2016-10-13 08:15:15.266148,CNN,Facebook and Google are teaming up to build a huge Internet cable under the Pacific Ocean to China… https://t.co/1OyYjS329O,https://t.co/1OyYjS329O,98
786578486899183616,Thu Oct 13 14:44:59 +0000 2016,2016-10-13 08:15:15.266161,CNN,Children among the dead as violence claims the lives of civilians in Syrian city of Aleppo over the past 48 hours… https://t.co/j0j6QPFJcs,https://t.co/j0j6QPFJcs,140
786576542965063681,Thu Oct 13 14:37:16 +0000 2016,2016-10-13 08:15:15.266172,CNN,Wells Fargo CEO John Stumpf steps down in wake of scandal over opening of millions of phony accounts… https://t.co/OsiGz2Wg19,https://t.co/OsiGz2Wg19,141
786574587383386112,Thu Oct 13 14:29:30 +0000 2016,2016-10-13 08:15:15.266184,CNN,Great news for upcoming holiday travelers: Delta says it expects airfares to keep falling through end of the year… https://t.co/Wq3JTB0MZz,https://t.co/Wq3JTB0MZz,82
786572452373626880,Thu Oct 13 14:21:01 +0000 2016,2016-10-13 08:15:15.266195,CNN,Latest swing-state polls suggest a narrow path to the 270 electoral votes needed to win for Donald Trump… https://t.co/mVhH6OzyVT,https://t.co/mVhH6OzyVT,73
786570693014093824,Thu Oct 13 14:14:01 +0000 2016,2016-10-13 08:15:15.266206,CNN,"Google searches for ""write-in"" were up by more than 2,800% over the last week, a record high since 2004… https://t.co/DkamU6VKdX",https://t.co/DkamU6VKdX,122
786568687583133696,Thu Oct 13 14:06:03 +0000 2016,2016-10-13 08:15:15.266218,CNN,Grandson has pizza delivered to check on grandma after Hurricane Matthew https://t.co/0e3Z7lSMMX https://t.co/xVwL8Ui9eF,https://t.co/0e3Z7lSMMX,120
786566930845016064,Thu Oct 13 13:59:04 +0000 2016,2016-10-13 08:15:15.266230,CNN,"This robot will rake leaves, shovel snow and mow your lawn -- and it's all yours for just $3,999… https://t.co/RDw2FfPM39",https://t.co/RDw2FfPM39,171
786565913814376448,Thu Oct 13 13:55:02 +0000 2016,2016-10-13 08:15:15.266241,CNN,@Sportschickca may we have permission to feature your video? Verify here: https://t.co/sSzTrtMM0u,https://t.co/sSzTrtMM0u,1
786564156912726016,Thu Oct 13 13:48:03 +0000 2016,2016-10-13 08:15:15.266252,CNN,"Ex-Trump executive on sexual assault allegations: ""I do believe it. Yes, absolutely. He's a blatant sexist.""… https://t.co/KUHsuKCXb4",https://t.co/KUHsuKCXb4,1026
786563534746423303,Thu Oct 13 13:45:34 +0000 2016,2016-10-13 08:15:15.266263,CNN,@mos_flow may we have permission to feature your video? Verify here: https://t.co/KyvrFPOko5,https://t.co/KyvrFPOko5,1
786561725445398528,Thu Oct 13 13:38:23 +0000 2016,2016-10-13 08:15:15.266274,CNN,"3 US strikes hit radar sites in Yemen, Pentagon says, days after the USS Mason was targeted by missiles in Red Sea… https://t.co/LpgOBam3BS",https://t.co/LpgOBam3BS,135
786559627295125504,Thu Oct 13 13:30:03 +0000 2016,2016-10-13 08:15:15.266285,CNN,Boko Haram releases 21 of the kidnapped Chibok schoolgirls to the Nigerian government https://t.co/39MLi5TPwa https://t.co/hvbuttoK9w,https://t.co/39MLi5TPwa,466
786556097461096448,Thu Oct 13 13:16:01 +0000 2016,2016-10-13 08:15:15.266296,CNN,The incomplete list of Bob Dylan songs that changed the course of history https://t.co/4uOIfZc4sA https://t.co/IDLFJmrv9W,https://t.co/4uOIfZc4sA,311
786553682200563713,Thu Oct 13 13:06:25 +0000 2016,2016-10-13 08:15:15.266306,CNN,Some Liberty University students are rebelling against their school's president over his support for Donald Trump… https://t.co/JfHR5ACx8Z,https://t.co/JfHR5ACx8Z,374
786550811623092224,Thu Oct 13 12:55:01 +0000 2016,2016-10-13 08:15:15.266317,CNN,"Toyota is recalling 340,000 of its Prius cars due to a problem with its parking brake https://t.co/vhMSxJwRDK https://t.co/JcAxwkGLJl",https://t.co/vhMSxJwRDK,123
786547036514574336,Thu Oct 13 12:40:01 +0000 2016,2016-10-13 08:15:15.266328,CNN,"""I am so done with talking about the other side"": Tim Kaine's wife Anne Holton has no interest in talking Trump… https://t.co/Rd92Q7G1bq",https://t.co/Rd92Q7G1bq,145
786543778987446272,Thu Oct 13 12:27:04 +0000 2016,2016-10-13 08:15:15.266339,CNN,Google searches for 'write-in' are off the charts https://t.co/JLG9qQPfMr https://t.co/EGxsDJz6D3,https://t.co/JLG9qQPfMr,116
786584211041976320,Thu Oct 13 15:07:44 +0000 2016,2016-10-13 08:15:15.517291,BBC News (UK),"Helmet-free motorbike ""at least 30-50 years away"" from our roads

https://t.co/9Gwz1oaNJH https://t.co/q4ADwHrhuZ",https://t.co/9Gwz1oaNJH,30
786581903008735232,Thu Oct 13 14:58:34 +0000 2016,2016-10-13 08:15:15.517318,BBC News (UK),"""Probably the greatest living poet"" - why Bob Dylan won the Nobel Prize for Literature

https://t.co/cdSJtQW5Ze",https://t.co/cdSJtQW5Ze,105
786580561108299776,Thu Oct 13 14:53:14 +0000 2016,2016-10-13 08:15:15.517330,BBC News (UK),"""The pain never, ever goes away"" - MPs reveal personal experiences of baby loss

https://t.co/ZPVg8tGF6e",https://t.co/ZPVg8tGF6e,17
786575466899603456,Thu Oct 13 14:32:59 +0000 2016,2016-10-13 08:15:15.517342,BBC News (UK),RT @BBCWorld: .@UN appoints Portugal's Antonio Guterres as next secretary general https://t.co/nLmhdBZGwh  https://t.co/9grNk7Vu7J,https://t.co/nLmhdBZGwh,219
786575240386207746,Thu Oct 13 14:32:05 +0000 2016,2016-10-13 08:15:15.517353,BBC News (UK),"#Clown troupe that visits sick children cancels event after threats from ""killer clowns""

https://t.co/7SefQhSkIY",https://t.co/7SefQhSkIY,39
786570708742709248,Thu Oct 13 14:14:05 +0000 2016,2016-10-13 08:15:15.517364,BBC News (UK),"Man accused of trying to murder 11 people thought he was Luke Skywalker from @starwars, court hears

https://t.co/BygweuPxzl",https://t.co/BygweuPxzl,56
786567291542638592,Thu Oct 13 14:00:30 +0000 2016,2016-10-13 08:15:15.517375,BBC News (UK),Nicola Sturgeon announces new independence referendum bill at #SNP16 https://t.co/ycQ81ppatn,https://t.co/ycQ81ppatn,74
786563416081199105,Thu Oct 13 13:45:06 +0000 2016,2016-10-13 08:15:15.517386,BBC News (UK),"What do you say to a grieving mother?

https://t.co/gzybxVMBMw

#babylossdebate #VictoriaLIVE https://t.co/L4qgWMcwbX",https://t.co/gzybxVMBMw,15
786559673948340224,Thu Oct 13 13:30:14 +0000 2016,2016-10-13 08:15:15.517397,BBC News (UK),"Love it or hate it, you can't get it in Tesco

https://t.co/PVJmULlraU

 #Marmitegate https://t.co/88dfZZ7yj6",https://t.co/PVJmULlraU,50
786556285647020036,Thu Oct 13 13:16:46 +0000 2016,2016-10-13 08:15:15.517409,BBC News (UK),"RT @bbc5live: What do YOU make of the #USelection?

At 3 @bbc5live joins @OnPointRadio for a US-UK phone in. 

Listen:  https://t.co/PCLHHp…",,11
786554652347273216,Thu Oct 13 13:10:17 +0000 2016,2016-10-13 08:15:15.517419,BBC News (UK),RT @bbckamal: Can investment slay the inflation dragon? Lord Wolfson thinks it can https://t.co/WeajVDwsjO My Economics Blog,https://t.co/WeajVDwsjO,7
786552128399675396,Thu Oct 13 13:00:15 +0000 2016,2016-10-13 08:15:15.517430,BBC News (UK),Bob Dylan wins the Nobel Literature Prize and the world reacts https://t.co/2VmFDkZb1i https://t.co/1DzLVFfgh9,https://t.co/2VmFDkZb1i,338
786548681931681792,Thu Oct 13 12:46:33 +0000 2016,2016-10-13 08:15:15.517441,BBC News (UK),Written in the stars? Which zodiac sign produces the most billionaires in China? https://t.co/9DcVvpCTWb… https://t.co/MHyPSES0gs,https://t.co/9DcVvpCTWb,9
786544521542860800,Thu Oct 13 12:30:01 +0000 2016,2016-10-13 08:15:15.517452,BBC News (UK),"RT @bbc5live: Gymnast @louissmith1989 tells #emmabarnett he's had death threats for mocking Islam in video he's ""ashamed"" of

🔊https://t.co…",,13
786543697198456832,Thu Oct 13 12:26:45 +0000 2016,2016-10-13 08:15:15.517463,BBC News (UK),"RT @BBCBreaking: Crown Prince Maha Vajiralongkorn to succeed Thai king, prime minister says https://t.co/O8k6EWpTqk",https://t.co/O8k6EWpTqk,4588
786539216444555264,Thu Oct 13 12:08:57 +0000 2016,2016-10-13 08:15:15.517474,BBC News (UK),"RT @BBCBreaking: Thai King Bhumibol Adulyadej ""passed away peacefully,"" palace says

https://t.co/9R9l5EcJQ7 https://t.co/v43DPHNUp5",https://t.co/9R9l5EcJQ7,20386
786537095817027584,Thu Oct 13 12:00:31 +0000 2016,2016-10-13 08:15:15.517484,BBC News (UK),"RT @BBCBreaking: He ruled for 70 years - the life of Thai King Bhumibol Adulyadej, who has died https://t.co/AjTfnxB7YC",,21963
786536160839557120,Thu Oct 13 11:56:48 +0000 2016,2016-10-13 08:15:15.517495,BBC News (UK),"RT @BBCBreaking: Thailand's King Bhumibol Adulyadej, world's longest-reigning monarch, dies aged 88, palace says https://t.co/8vFZPvp1dC",https://t.co/8vFZPvp1dC,13594
786532366785343488,Thu Oct 13 11:41:43 +0000 2016,2016-10-13 08:15:15.517507,BBC News (UK),"""Dark day"" if @realDonaldTrump wins US presidential election - @tomhanks

https://t.co/q4o5bZr5s2 https://t.co/Qd8Ax6CWJ2",https://t.co/q4o5bZr5s2,1133
786529155475210240,Thu Oct 13 11:28:58 +0000 2016,2016-10-13 08:15:15.517517,BBC News (UK),RT @BBCScotlandNews: Nicola Sturgeon announces #indyref2 bill at #SNP16 conference in Glasgow https://t.co/hgEaKL1AjQ https://t.co/JQxxgtXV…,https://t.co/hgEaKL1AjQ,110
786580143393349632,Thu Oct 13 14:51:34 +0000 2016,2016-10-13 08:15:15.764840,CNET,This new #StarWars #RogueOne trailer rides the rebellion https://t.co/ZA4E3SzmLZ https://t.co/2TXNiWNAXU,https://t.co/ZA4E3SzmLZ,13
786573714917888000,Thu Oct 13 14:26:02 +0000 2016,2016-10-13 08:15:15.764865,CNET,"The 2017 #Honda CR-V: Turbocharged power, Acura aesthetics https://t.co/HwKZzUGiWs https://t.co/QxZ8I01BFE",https://t.co/HwKZzUGiWs,7
786568078662463488,Thu Oct 13 14:03:38 +0000 2016,2016-10-13 08:15:15.764877,CNET,"Tech's role in Europe's #refugeecrisis, in pictures https://t.co/d5ucTh4avI #CNETRoadTrip https://t.co/JU6tUD89JG",https://t.co/d5ucTh4avI,5
786561725759905792,Thu Oct 13 13:38:23 +0000 2016,2016-10-13 08:15:15.764887,CNET,Why @GitHub hopes its low #diversity numbers can drive change https://t.co/zOYS2OVLKj https://t.co/PozL8hbPJj,https://t.co/zOYS2OVLKj,6
786556481021804545,Thu Oct 13 13:17:33 +0000 2016,2016-10-13 08:15:15.764898,CNET,This is the #NYPD's official crime-fighting #phone https://t.co/f9Mzw13xZt https://t.co/9GIBTy6sXr,https://t.co/f9Mzw13xZt,8
786552114185117696,Thu Oct 13 13:00:12 +0000 2016,2016-10-13 08:15:15.764908,CNET,Samsung just issued another #recall for the #GalaxyNote7 https://t.co/PRQSJSFo2c https://t.co/RqsbBP2a54,https://t.co/PRQSJSFo2c,17
786548344260812800,Thu Oct 13 12:45:13 +0000 2016,2016-10-13 08:15:15.764918,CNET,A 360 view of Lesvos' refugee life jacket graveyard https://t.co/vs3EtsxaMk https://t.co/w92ZtCEEWw,https://t.co/vs3EtsxaMk,8
786543311054077952,Thu Oct 13 12:25:13 +0000 2016,2016-10-13 08:15:15.764929,CNET,"The 2017 BMW 5 Series is lighter, quicker and loaded with tech https://t.co/lwJKSR6eP4 https://t.co/m9Epj95Ni8",https://t.co/lwJKSR6eP4,19
786538283593596928,Thu Oct 13 12:05:14 +0000 2016,2016-10-13 08:15:15.764939,CNET,This free iPhone app will surely lead to funny conversations https://t.co/1Fy2128Ubo https://t.co/9VouVG2vRN,https://t.co/1Fy2128Ubo,5
786535166957215744,Thu Oct 13 11:52:51 +0000 2016,2016-10-13 08:15:15.764950,CNET,Want to make ChromeOS feel more like a full OS? Try this https://t.co/pKVtunYjIp https://t.co/e8M3R0l6H7,https://t.co/pKVtunYjIp,9
786532806365155328,Thu Oct 13 11:43:28 +0000 2016,2016-10-13 08:15:15.764961,CNET,The PSVR is on sale today and it's way better than we expected. Here's our review https://t.co/Ydj1nMCFnM https://t.co/cmAEjg2CpZ,https://t.co/Ydj1nMCFnM,13
786528209319976960,Thu Oct 13 11:25:12 +0000 2016,2016-10-13 08:15:15.764971,CNET,Should you fear your phone battery? https://t.co/FjhPSVqxWC https://t.co/8bGOdZl8l6,https://t.co/FjhPSVqxWC,11
786526902366461952,Thu Oct 13 11:20:01 +0000 2016,2016-10-13 08:15:15.764981,CNET,iFrogz Summit Wireless raises the bar for cheap Bluetooth headphones https://t.co/LGUI3fSk2o https://t.co/kbWRPCCkUW,https://t.co/LGUI3fSk2o,9
786524386706726912,Thu Oct 13 11:10:01 +0000 2016,2016-10-13 08:15:15.764991,CNET,Venture capital funding hits a 2-year low as VCs play it safe in 2016 https://t.co/xsYCQq7yNh https://t.co/ApatkJGI62,https://t.co/xsYCQq7yNh,9
786523201014759424,Thu Oct 13 11:05:18 +0000 2016,2016-10-13 08:15:15.765002,CNET,"Tour the Rock of Gibraltar: WWII tunnels, Bond movie location and more https://t.co/5kO0xNIzD3 https://t.co/R56J14l5tv",https://t.co/5kO0xNIzD3,5
786518147960561664,Thu Oct 13 10:45:13 +0000 2016,2016-10-13 08:15:15.765012,CNET,Meet Impossible Foods' lab-grown veggie burger. It bleeds https://t.co/HiUfb6ftTA https://t.co/NMGjtiHCi7,https://t.co/HiUfb6ftTA,11
786514823844622336,Thu Oct 13 10:32:01 +0000 2016,2016-10-13 08:15:15.765022,CNET,Darth Vader looms over the new #RogueOne poster https://t.co/Hk8rEn5qJt https://t.co/v9cJr2LUza,https://t.co/Hk8rEn5qJt,17
786513112551784449,Thu Oct 13 10:25:13 +0000 2016,2016-10-13 08:15:15.765033,CNET,"NBA player defaces Great Wall Of China, posts pic to social media https://t.co/6oJchXbcIa https://t.co/lEWptnzY3J",https://t.co/6oJchXbcIa,14
786509102323228674,Thu Oct 13 10:09:17 +0000 2016,2016-10-13 08:15:15.765043,CNET,How to uninstall an app or program in Windows 10 https://t.co/jyKZXZmcnJ https://t.co/8XwygTvnfO,https://t.co/jyKZXZmcnJ,14
786506938158809088,Thu Oct 13 10:00:41 +0000 2016,2016-10-13 08:15:15.765054,CNET,#JusticeLeague star Amber Heard makes a splash as the queen of Atlantis 🌊 https://t.co/5rtkUePHAu https://t.co/nEYjydZT07,https://t.co/5rtkUePHAu,19
786572960228401152,Thu Oct 13 14:23:02 +0000 2016,2016-10-13 08:15:15.982986,MSN UK,Kate Middleton's parents slammed for selling 'inappropriate' kids' Halloween costumes online including roadkill… https://t.co/zmGRsgkyiS,https://t.co/zmGRsgkyiS,0
786552501856301056,Thu Oct 13 13:01:44 +0000 2016,2016-10-13 08:15:15.983017,MSN UK,Ben Affleck says he's 'so impressed' by Jennifer Garner for campaigning for Hillary as well as being a great mother… https://t.co/WbbjlNfEXB,https://t.co/WbbjlNfEXB,0
786544272153669633,Thu Oct 13 12:29:02 +0000 2016,2016-10-13 08:15:15.983031,MSN UK,"Show porn to teenagers in school and scrap sex education, says Dame Jenni Murray https://t.co/z1neVeEuJJ https://t.co/5TUKULgMtl",https://t.co/z1neVeEuJJ,0
786534958915547136,Thu Oct 13 11:52:01 +0000 2016,2016-10-13 08:15:15.983044,MSN UK,Theresa May in 'U-turn' over pre-article 50 Brexit debate in parliament https://t.co/y6ugRKzABC https://t.co/7fyEPlIgL5,https://t.co/y6ugRKzABC,0
786525144764313600,Thu Oct 13 11:13:02 +0000 2016,2016-10-13 08:15:15.983057,MSN UK,Killer clown craze: Russian Embassy warns citizens to be on alert in Britain https://t.co/xTxwjm4roy https://t.co/tAwETZ3JgG,https://t.co/xTxwjm4roy,0
786508031819452416,Thu Oct 13 10:05:02 +0000 2016,2016-10-13 08:15:15.983078,MSN UK,'I honestly thought she'd win': Mass devastation following the last elimination from the Bake Off tent… https://t.co/HsoAFdIJQy,https://t.co/HsoAFdIJQy,0
786495201313447936,Thu Oct 13 09:14:03 +0000 2016,2016-10-13 08:15:15.983090,MSN UK,Queen 'told not to marry Prince Philip by courtiers because he was too FUNNY' https://t.co/ia7Kx8axFh https://t.co/xCFHtTnrVD,https://t.co/ia7Kx8axFh,0
786585504347262976,Thu Oct 13 15:12:52 +0000 2016,2016-10-13 08:15:16.290922,The Telegraph,"RT @TeleFootball: Ryan Giggs will be the special guest for Monday Night Football's coverage of #LFCvMUFC 
https://t.co/eF3WgSDeKe",https://t.co/eF3WgSDeKe,9
786582577368993792,Thu Oct 13 15:01:15 +0000 2016,2016-10-13 08:15:16.290949,The Telegraph,Baby born with adult-sized tongue smiles after life-changing surgery https://t.co/gZSsc3j4D8,https://t.co/gZSsc3j4D8,12
786582267904745473,Thu Oct 13 15:00:01 +0000 2016,2016-10-13 08:15:16.290961,The Telegraph,Forget pumpkins - pineapples are the new face of Halloween https://t.co/N0pi9Dg5jS,https://t.co/N0pi9Dg5jS,11
786579748310745089,Thu Oct 13 14:50:00 +0000 2016,2016-10-13 08:15:16.290972,The Telegraph,A baby born with an adult-sized tongue can now show off her smile after undergoing life-changing surgery https://t.co/gZSsc3AFuG,https://t.co/gZSsc3AFuG,20
786577918352887808,Thu Oct 13 14:42:44 +0000 2016,2016-10-13 08:15:16.290982,The Telegraph,"RT @TeleFootball: Nike confirm 'largest deal in the club's history' with Chelsea #CFC 
https://t.co/RmzmEDBvxd",https://t.co/RmzmEDBvxd,30
786577234219900928,Thu Oct 13 14:40:01 +0000 2016,2016-10-13 08:15:16.290993,The Telegraph,The US Chess Federation has waded into the row over female players being forced to wear hijabs https://t.co/FETBm2vV3K,https://t.co/FETBm2vV3K,8
786574717750808576,Thu Oct 13 14:30:01 +0000 2016,2016-10-13 08:15:16.291004,The Telegraph,Boris Johnson says Britain should consider further military action in Syria https://t.co/7ZuCnDMSDB https://t.co/6GjCdYSQei,https://t.co/7ZuCnDMSDB,6
786572200954302465,Thu Oct 13 14:20:01 +0000 2016,2016-10-13 08:15:16.291014,The Telegraph,There’s a ballerina hiding among all these flamingos... how long will it take you to find her? https://t.co/M737yw85Hx,https://t.co/M737yw85Hx,8
786569689459679232,Thu Oct 13 14:10:02 +0000 2016,2016-10-13 08:15:16.291024,The Telegraph,Bob Dylan talks to the @Telegraph's Mick Brown in 1984 about why people didn't understand what he was trying to do… https://t.co/DH1P95cTCu,https://t.co/DH1P95cTCu,14
786567170251640832,Thu Oct 13 14:00:01 +0000 2016,2016-10-13 08:15:16.291036,The Telegraph,"Victoria Moss: Should 12-year-old #StrangerThings star Millie Bobby Brown really be modelling £4,000 dresses?… https://t.co/trHU0rJbSs",https://t.co/trHU0rJbSs,1
786564648761892864,Thu Oct 13 13:50:00 +0000 2016,2016-10-13 08:15:16.291046,The Telegraph,The Queen received unusual salutes as she arrived at a military barracks - from divers inside a water-filled tank https://t.co/wcSxEAZMgV,https://t.co/wcSxEAZMgV,20
786562133119082496,Thu Oct 13 13:40:00 +0000 2016,2016-10-13 08:15:16.291056,The Telegraph,Questor: an oil firm whose fortunes don’t rely on the crude price (and Warren Buffett is buying) https://t.co/JRKD8R4yHv,https://t.co/JRKD8R4yHv,5
786559622823890944,Thu Oct 13 13:30:02 +0000 2016,2016-10-13 08:15:16.291066,The Telegraph,Watch the incredible moment a baby chameleon hatches from an egg https://t.co/kCrGv4NBC1,https://t.co/kCrGv4NBC1,13
786557863506436096,Thu Oct 13 13:23:02 +0000 2016,2016-10-13 08:15:16.291077,The Telegraph,"Hells Angels bikers gather for funeral of murdered boss Aygün Mucuk
https://t.co/EW0FhB55jZ",https://t.co/EW0FhB55jZ,9
786557099199361024,Thu Oct 13 13:20:00 +0000 2016,2016-10-13 08:15:16.291087,The Telegraph,"Lily Allen stokes refugee camp row by telling critic he should apologise ""just like the Germans do for the Nazis"" https://t.co/Df5j1e0LhA",https://t.co/Df5j1e0LhA,19
786555864249405444,Thu Oct 13 13:15:06 +0000 2016,2016-10-13 08:15:16.291098,The Telegraph,"Eric Trump emails out map with female voters removed to prove Donald Trump has 'momentum'
https://t.co/vKRPka9UCW",https://t.co/vKRPka9UCW,16
786554581618659328,Thu Oct 13 13:10:00 +0000 2016,2016-10-13 08:15:16.291108,The Telegraph,Labour MP Vicky Foxcroft moves the House of Commons to tears as she shares the story of the death of her baby girl https://t.co/XKr1gIxUun,https://t.co/XKr1gIxUun,20
786552696895660036,Thu Oct 13 13:02:31 +0000 2016,2016-10-13 08:15:16.291119,The Telegraph,"Izzy Goodman Young, former owner of the Folklore Center in Greenwich Village, New York, tells the story of how Bob… https://t.co/1X12pVMwA1",https://t.co/1X12pVMwA1,16
786551022218903553,Thu Oct 13 12:55:51 +0000 2016,2016-10-13 08:15:16.291130,The Telegraph,"RT @TelePolitics: #OnThisDay in 1925: Margaret Thatcher, the first female British prime minister, was born in Grantham, England https://t.c…",,66
786550742370832385,Thu Oct 13 12:54:45 +0000 2016,2016-10-13 08:15:16.291140,The Telegraph,Have you spotted any empty shelves? Tweet your #Marmitegate pictures to @Telegraph. https://t.co/ueUpEPM2ED,,6
786586069852524545,Thu Oct 13 15:15:07 +0000 2016,2016-10-13 08:15:16.581423,USA TODAY,Giuliani apologizes for false 9/11 claim about Clinton https://t.co/5R74xOunM1 https://t.co/0dTpauUOog,https://t.co/5R74xOunM1,0
786585836296953856,Thu Oct 13 15:14:12 +0000 2016,2016-10-13 08:15:16.581451,USA TODAY,"RT @usatodaylife: How to bond with your co-workers, by @AnnaKendrick47 and @BenAffleck: https://t.co/85GVh3ycoP https://t.co/C0PAxLd1fh",https://t.co/85GVh3ycoP,1
786584903475310592,Thu Oct 13 15:10:29 +0000 2016,2016-10-13 08:15:16.581462,USA TODAY,"RT @lindsdee: Business as usual in resort town Railay, Thailand, but many Thais glued to phones reading news about king's death https://t.c…",,2
786584825549492225,Thu Oct 13 15:10:11 +0000 2016,2016-10-13 08:15:16.581473,USA TODAY,USA TODAY Sports college football staff picks for Week 7 https://t.co/fWVPDsUmZW https://t.co/4R7hznRcnI,https://t.co/fWVPDsUmZW,1
786584104812896256,Thu Oct 13 15:07:19 +0000 2016,2016-10-13 08:15:16.581483,USA TODAY,"RT @gregorykorte: Obama has expanded his use of executive power beyond bounds of earth, signing executive order on space weather. https://t…",,9
786582427397423104,Thu Oct 13 15:00:39 +0000 2016,2016-10-13 08:15:16.581494,USA TODAY,Not everyone is happy that Bob Dylan won the Nobel  Prize in Literature https://t.co/rpAvv9ab6W,https://t.co/rpAvv9ab6W,20
786582112577216512,Thu Oct 13 14:59:24 +0000 2016,2016-10-13 08:15:16.581504,USA TODAY,RT @usatoday2016: Latest from @djusatoday &amp; @elizacollins1: Trump denies accusers' harassment and groping claims https://t.co/RszoOg4d9l,https://t.co/RszoOg4d9l,6
786579786978234369,Thu Oct 13 14:50:09 +0000 2016,2016-10-13 08:15:16.581515,USA TODAY,Kevin Durant shared some nachos with an excited young Warriors fan during practice https://t.co/PjS5yiPTRh,https://t.co/PjS5yiPTRh,13
786578036095225857,Thu Oct 13 14:43:12 +0000 2016,2016-10-13 08:15:16.581525,USA TODAY,"Nicole pounds Bermuda, battered Carolinas to see high surf https://t.co/INiJ9iicaS https://t.co/pgjVeowQOf",https://t.co/INiJ9iicaS,35
786578008219852800,Thu Oct 13 14:43:05 +0000 2016,2016-10-13 08:15:16.581536,USA TODAY,"Trump denies accusers' harassment, groping claims https://t.co/ncvZ7so3R8 https://t.co/isVWimWXT2",https://t.co/ncvZ7so3R8,7
786577263496224768,Thu Oct 13 14:40:08 +0000 2016,2016-10-13 08:15:16.581547,USA TODAY,.@realDonaldTrump denied allegations of harassment from women   https://t.co/Bn7YYISa9w https://t.co/nZ9UNzhuXZ,https://t.co/Bn7YYISa9w,10
786576440405950468,Thu Oct 13 14:36:51 +0000 2016,2016-10-13 08:15:16.581557,USA TODAY,#BREAKING U.N. General Assembly formally elects Portugal's Antonio Guterres as secretary-general https://t.co/rjVUTCWL90,https://t.co/rjVUTCWL90,30
786573488517767168,Thu Oct 13 14:25:08 +0000 2016,2016-10-13 08:15:16.581567,USA TODAY,Family sends pizza deliveryman to check on grandma after Hurricane Matthew https://t.co/SzoXRZIh91 (Pic: Getty) https://t.co/l9JH10Jahj,https://t.co/SzoXRZIh91,25
786572766975713282,Thu Oct 13 14:22:16 +0000 2016,2016-10-13 08:15:16.581578,USA TODAY,"RT @jmbacon: Battered Carolinas may not completely escape Hurricane Nicole, now pounding Bermuda. https://t.co/uM4Sm1q0Ci",https://t.co/uM4Sm1q0Ci,15
786571182749474816,Thu Oct 13 14:15:58 +0000 2016,2016-10-13 08:15:16.581589,USA TODAY,RT @SusanPage: Pot at the polls? Our @CapitalDownload panel with 3 experts on record number of marijuana measures up for a vote: https://t.…,,17
786570983645863936,Thu Oct 13 14:15:10 +0000 2016,2016-10-13 08:15:16.581599,USA TODAY,3 tax loopholes Hillary Clinton wants to close https://t.co/qbZSaBOvBn https://t.co/cGMNNip94l,https://t.co/qbZSaBOvBn,22
786569714600402944,Thu Oct 13 14:10:08 +0000 2016,2016-10-13 08:15:16.581609,USA TODAY,"""I made a mistake. I'm wrong and I apologize,"" said Rudy Giuliani. https://t.co/XRMQV6lp13",https://t.co/XRMQV6lp13,55
786569228375564288,Thu Oct 13 14:08:12 +0000 2016,2016-10-13 08:15:16.581620,USA TODAY,Joe Biden tells Seth Meyers he'd rather debate Sarah Palin than Trump https://t.co/KThRWCTRFf https://t.co/hEPZ2Ejd1c,https://t.co/KThRWCTRFf,25
786569210776301569,Thu Oct 13 14:08:08 +0000 2016,2016-10-13 08:15:16.581631,USA TODAY,How will the lurking La Niña affect our winter? https://t.co/wfXGHtJTn5 https://t.co/PNExYk0KPj,https://t.co/wfXGHtJTn5,19
786565116384780288,Thu Oct 13 13:51:52 +0000 2016,2016-10-13 08:15:16.581642,USA TODAY,RT @usatodayvideo: Well this is awesome #RogueOne https://t.co/UuuqPVP8ra,,87
786584556476436480,Thu Oct 13 15:09:06 +0000 2016,2016-10-13 08:15:16.821844,Wall Street Journal,Scotland to consider new independence referendum bill https://t.co/sdxN6S6agH 🔓,https://t.co/sdxN6S6agH,30
786580454522646530,Thu Oct 13 14:52:48 +0000 2016,2016-10-13 08:15:16.821871,Wall Street Journal,"You bought a vineyard. Now, meet your staff. The unexpected complications of buying a chateau in Bordeaux… https://t.co/YT848C0soa",https://t.co/YT848C0soa,50
786574605410504704,Thu Oct 13 14:29:34 +0000 2016,2016-10-13 08:15:16.821883,Wall Street Journal,Thai Markets Closely Watched in Wake of King’s Death https://t.co/U94tKax0h2 🔓,https://t.co/U94tKax0h2,40
786569205168672768,Thu Oct 13 14:08:06 +0000 2016,2016-10-13 08:15:16.821894,Wall Street Journal,"After being mocked, an American doubles down on his bid to loosen up Londoners https://t.co/43iFfbrQy6 🔓 https://t.co/hIj4KoVesO",https://t.co/43iFfbrQy6,10
786568186846126080,Thu Oct 13 14:04:04 +0000 2016,2016-10-13 08:15:16.821904,Wall Street Journal,Trump campaign withdraws from Virginia https://t.co/X08Co6sooX 🔓 https://t.co/5A9e9ZOkkr,https://t.co/X08Co6sooX,116
786563919548735488,Thu Oct 13 13:47:06 +0000 2016,2016-10-13 08:15:16.821915,Wall Street Journal,"After seeing record crowds at her rallies, Clinton will shift to fundraising and debate prep https://t.co/yDs02K9fE7 🔓",https://t.co/yDs02K9fE7,34
786563064153927680,Thu Oct 13 13:43:42 +0000 2016,2016-10-13 08:15:16.821926,Wall Street Journal,RT @WSJspeakeasy: Poll: Did Bob Dylan deserve to win the Nobel Prize in Literature?,,29
786560722499166208,Thu Oct 13 13:34:24 +0000 2016,2016-10-13 08:15:16.821936,Wall Street Journal,Bob Dylan: Writers respond to the musician's Nobel Prize for Literature https://t.co/MqvuwaoG7x via @WSJspeakeasy 🔓,https://t.co/MqvuwaoG7x,126
786555701057421312,Thu Oct 13 13:14:27 +0000 2016,2016-10-13 08:15:16.821947,Wall Street Journal,LPL faces challenges as it mulls alternatives https://t.co/3lIglNKC1g 🔓,https://t.co/3lIglNKC1g,10
786555152044027904,Thu Oct 13 13:12:16 +0000 2016,2016-10-13 08:15:16.821957,Wall Street Journal,"RT @jonkeegan: #NobelPrize winner #BobDylan is a touring machine. Small venues, tons of shows. He'll be at #DesertTrip this weekend https:/…",,25
786553473861025792,Thu Oct 13 13:05:36 +0000 2016,2016-10-13 08:15:16.821968,Wall Street Journal,"RT @AaronLucchetti: Meet Tim Sloan, the new guy* at the top of Wells Fargo. (*Caveat: he's been at the bank nearly 30 years) $WFC https://t…",,15
786551347051171841,Thu Oct 13 12:57:09 +0000 2016,2016-10-13 08:15:16.821977,Wall Street Journal,"The 10-Point: @Gerardtbaker on embattled Wells Fargo CEO’s exit, the Fed’s ‘close call’ and more… https://t.co/vAfSfPmebE",https://t.co/vAfSfPmebE,14
786550827834040324,Thu Oct 13 12:55:05 +0000 2016,2016-10-13 08:15:16.821988,Wall Street Journal,"RT @WSJeurope: The biggest economic risk to Europe lies in the politics, writes @Simon_Nixon https://t.co/67xsfr80tp 🔓 https://t.co/TyOD74R…",https://t.co/67xsfr80tp,21
786547884086988800,Thu Oct 13 12:43:23 +0000 2016,2016-10-13 08:15:16.821998,Wall Street Journal,Stocks backpedal after weak Chinese trade data https://t.co/uRQjwEPOXA 🔓 https://t.co/T4urIKgTCt,https://t.co/uRQjwEPOXA,32
786545945211174912,Thu Oct 13 12:35:41 +0000 2016,2016-10-13 08:15:16.822009,Wall Street Journal,"The Facebook and mobile gender gap: Technology, promoted as an equalizer, is having the opposite effect in India… https://t.co/3h4kGbPuEj",https://t.co/3h4kGbPuEj,76
786541504378568704,Thu Oct 13 12:18:02 +0000 2016,2016-10-13 08:15:16.822019,Wall Street Journal,The smartphone gender ownership gap is particularly wide in India https://t.co/4WYFQSzp6Q 🔓 https://t.co/U2ZWZuduLk,https://t.co/4WYFQSzp6Q,58
786537853245333504,Thu Oct 13 12:03:32 +0000 2016,2016-10-13 08:15:16.822030,Wall Street Journal,"Breaking: Thailand's King Bhumibol Adulyadej, the world's longest-serving monarch, dies at age 88 https://t.co/Amu07mY7wx",https://t.co/Amu07mY7wx,216
786537075713642496,Thu Oct 13 12:00:26 +0000 2016,2016-10-13 08:15:16.822041,Wall Street Journal,"Multiple women accuse Donald Trump of groping, touching https://t.co/vFXZcKxZ8K 🔓",https://t.co/vFXZcKxZ8K,83
786537033766432768,Thu Oct 13 12:00:16 +0000 2016,2016-10-13 08:15:16.822051,Wall Street Journal,"Amazon to add 120,000 workers for the holidays https://t.co/IvPkDn45K0 🔓",https://t.co/IvPkDn45K0,39
786529699233234944,Thu Oct 13 11:31:07 +0000 2016,2016-10-13 08:15:16.822062,Wall Street Journal,Boko Haram frees 21 Chibok schoolgirls https://t.co/6j5RLMwkW2 🔓,https://t.co/6j5RLMwkW2,87
786585819704360960,Thu Oct 13 15:14:08 +0000 2016,2016-10-13 08:15:17.167760,Washington Post,"Washington restaurants, including Minibar, earn their first Michelin stars today
https://t.co/CKK8v5U2h7",https://t.co/CKK8v5U2h7,3
786583925917376512,Thu Oct 13 15:06:36 +0000 2016,2016-10-13 08:15:17.167787,Washington Post,"How Donald Trump’s and his campaign’s own words are coming back to bite them
https://t.co/xJkXZmxhBh",https://t.co/xJkXZmxhBh,63
786580168655503360,Thu Oct 13 14:51:40 +0000 2016,2016-10-13 08:15:17.167797,Washington Post,"""Trump is the guy that's going to take care of that. If he needs help with the wall, I'll help him."" https://t.co/3N1rwMhlF7",,31
786579952611188736,Thu Oct 13 14:50:49 +0000 2016,2016-10-13 08:15:17.167807,Washington Post,"The division cuts into the U,S, and travels right up to the border between Texas and Mexico. https://t.co/37BwWDIjA4",,14
786579272752177157,Thu Oct 13 14:48:07 +0000 2016,2016-10-13 08:15:17.167816,Washington Post,"Across the world, known public figures have announced their intentions to build more walls. https://t.co/1B3mLTiPhw",,49
786578984398000129,Thu Oct 13 14:46:58 +0000 2016,2016-10-13 08:15:17.167826,Washington Post,Raising Barriers Chapter 1: A New Age of Walls https://t.co/r5fGgvV3d1,,17
786578169667149824,Thu Oct 13 14:43:44 +0000 2016,2016-10-13 08:15:17.167835,Washington Post,"The shocking pain of American men
https://t.co/PmrcOq5voq",https://t.co/PmrcOq5voq,34
786576161488994304,Thu Oct 13 14:35:45 +0000 2016,2016-10-13 08:15:17.167844,Washington Post,"""Here come the rape police"": Rush Limbaugh reacts to Trump’s ""sex-talk scandal""
https://t.co/4Wb9drvlKO",https://t.co/4Wb9drvlKO,61
786574344571019265,Thu Oct 13 14:28:32 +0000 2016,2016-10-13 08:15:17.167854,Washington Post,What Hillary Clinton’s tax plan would really do to the economy https://t.co/NVTvt3kX3z,https://t.co/NVTvt3kX3z,44
786570760609525760,Thu Oct 13 14:14:17 +0000 2016,2016-10-13 08:15:17.167864,Washington Post,"Donald Trump isn’t letting up in his criticism of ""softer"" NFL
https://t.co/QoU2JMrHDg",https://t.co/QoU2JMrHDg,43
786567686587318272,Thu Oct 13 14:02:04 +0000 2016,2016-10-13 08:15:17.167873,Washington Post,A series of counterterrorism police mishaps leaves Europeans worried https://t.co/hVKxiM2ceZ,https://t.co/hVKxiM2ceZ,23
786566427658551296,Thu Oct 13 13:57:04 +0000 2016,2016-10-13 08:15:17.167882,Washington Post,A killer of a 95-year-old is about to be sentenced. Here’s what the victim’s family has told the judge. https://t.co/4Zis5CJUsR,https://t.co/4Zis5CJUsR,27
786565920453951488,Thu Oct 13 13:55:03 +0000 2016,2016-10-13 08:15:17.167892,Washington Post,The moon is a more violent place than we thought https://t.co/HzhtkvgL59,https://t.co/HzhtkvgL59,58
786564676796710912,Thu Oct 13 13:50:07 +0000 2016,2016-10-13 08:15:17.167901,Washington Post,Donald Trump’s facing an apocalyptic election scenario thanks to women voters https://t.co/xE3v9Bwwfg by @pbump,https://t.co/xE3v9Bwwfg,166
786563449354682368,Thu Oct 13 13:45:14 +0000 2016,2016-10-13 08:15:17.167911,Washington Post,RT @myhlee: A brief guide to the series of allegations women have made against Donald Trump in the past 24 hours https://t.co/2ZyNH6mR9v,https://t.co/2ZyNH6mR9v,82
786560389228138496,Thu Oct 13 13:33:05 +0000 2016,2016-10-13 08:15:17.167920,Washington Post,"The new Star Wars ""Rogue One"" trailer has landed https://t.co/v6FEqGbV5Q",https://t.co/v6FEqGbV5Q,124
786560151268552704,Thu Oct 13 13:32:08 +0000 2016,2016-10-13 08:15:17.167930,Washington Post,Our 2016 Fall Dining Guide https://t.co/goTvfhTagb https://t.co/kyKajz24Ax,https://t.co/goTvfhTagb,16
786556866356715521,Thu Oct 13 13:19:05 +0000 2016,2016-10-13 08:15:17.167940,Washington Post,"What we know about Tim Sloan, the new CEO of Wells Fargo https://t.co/LN8WCQBuLe",https://t.co/LN8WCQBuLe,28
786556362507583488,Thu Oct 13 13:17:04 +0000 2016,2016-10-13 08:15:17.167949,Washington Post,The janitor felt invisible to Georgetown students — until one changed his life https://t.co/9DwKlxf5Ae by @PetulaD,https://t.co/9DwKlxf5Ae,127
786555562075033600,Thu Oct 13 13:13:54 +0000 2016,2016-10-13 08:15:17.167959,Washington Post,"RT @tomsietsema: Whew! My complete fall dining guide just dropped, with fresh takes on 52 restaurants, one for every week of the year https…",,38
786584547437768704,Thu Oct 13 15:09:04 +0000 2016,2016-10-13 08:15:17.437043,The Boston Globe,Several women accused Trump of groping or kissing them without their consent in news reports published this week… https://t.co/nxd9zMxOms,https://t.co/nxd9zMxOms,3
786582684436922368,Thu Oct 13 15:01:40 +0000 2016,2016-10-13 08:15:17.437070,The Boston Globe,"“He opened fire on the officers and the officers returned fire,” commissioner says of East Boston shooting suspect… https://t.co/nBMKlx79oY",https://t.co/nBMKlx79oY,5
786582304789585921,Thu Oct 13 15:00:10 +0000 2016,2016-10-13 08:15:17.437082,The Boston Globe,City Hall veteran Miguel Chavez files to run for Boston City Council — perhaps for Tito Jackson’s seat https://t.co/3YqCuUzwEm,https://t.co/3YqCuUzwEm,0
786582297227194368,Thu Oct 13 15:00:08 +0000 2016,2016-10-13 08:15:17.437093,The Boston Globe,Bob Dylan's Nobel Prize in literature is the first time someone seen primarily as a musician was given the award.… https://t.co/VBj8vrTmLl,https://t.co/VBj8vrTmLl,14
786582294559678464,Thu Oct 13 15:00:07 +0000 2016,2016-10-13 08:15:17.437103,The Boston Globe,Here are the most expensive homes for sale in Massachusetts https://t.co/HIXMnLAIle https://t.co/SIQGC8BNO2,https://t.co/HIXMnLAIle,1
786582136212029440,Thu Oct 13 14:59:29 +0000 2016,2016-10-13 08:15:17.437114,The Boston Globe,Website describes East Boston shootout suspect as founder of security company https://t.co/cEHBiK2KG6 https://t.co/BhyTZqTINI,https://t.co/cEHBiK2KG6,3
786577763008409600,Thu Oct 13 14:42:07 +0000 2016,2016-10-13 08:15:17.437125,The Boston Globe,Former Governor Deval Patrick is still — still! — staring down a defamation suit filed just before he left office… https://t.co/b6gIGu0wlj,https://t.co/b6gIGu0wlj,1
786577006251089920,Thu Oct 13 14:39:06 +0000 2016,2016-10-13 08:15:17.437135,The Boston Globe,UN General Assembly elects Portugal’s former prime minister Antonio Guterres as secretary-general… https://t.co/NAX6K4ZbNI,https://t.co/NAX6K4ZbNI,3
786574190933606400,Thu Oct 13 14:27:55 +0000 2016,2016-10-13 08:15:17.437145,The Boston Globe,Donald Trump comes out swinging against sexual misconduct allegations https://t.co/AqMRXqMqkv https://t.co/qEill1gGWH,https://t.co/AqMRXqMqkv,2
786574164853395456,Thu Oct 13 14:27:49 +0000 2016,2016-10-13 08:15:17.437156,The Boston Globe,"Ten classic Bob Dylan performances you’ve probably never heard, but should https://t.co/vN2AxZwBVS https://t.co/z5UHTbhHA5",https://t.co/vN2AxZwBVS,8
786570984967041024,Thu Oct 13 14:15:11 +0000 2016,2016-10-13 08:15:17.437166,The Boston Globe,Bob Dylan had been mentioned in the Nobel speculation for years https://t.co/O45vCbiACx https://t.co/3Ht4g8StRT,https://t.co/O45vCbiACx,6
786570965538996224,Thu Oct 13 14:15:06 +0000 2016,2016-10-13 08:15:17.437176,The Boston Globe,RT @dylanlscott: must point out @mviser reported IN APRIL on allegations of sexually aggressive comments and behavior by Trump: https://t.c…,,315
786569611282178048,Thu Oct 13 14:09:43 +0000 2016,2016-10-13 08:15:17.437186,The Boston Globe,Police trying to learn what prompted East Boston shootout suspect to don bulletproof vest and open fire on police… https://t.co/kthE7pdjWX,https://t.co/kthE7pdjWX,4
786569584266637312,Thu Oct 13 14:09:37 +0000 2016,2016-10-13 08:15:17.437197,The Boston Globe,.@GlobeTechLab: Sony's VR system is the real deal https://t.co/m8di4KxaCp https://t.co/0wjEO1UPzO,https://t.co/m8di4KxaCp,1
786569229021618177,Thu Oct 13 14:08:12 +0000 2016,2016-10-13 08:15:17.437207,The Boston Globe,Bringing back John Farrell was the right move https://t.co/X8kmEV9AKr #RedSox https://t.co/v76gQRm5DI,https://t.co/X8kmEV9AKr,1
786567824135352321,Thu Oct 13 14:02:37 +0000 2016,2016-10-13 08:15:17.437217,The Boston Globe,1 of the 2 officers wounded in East Boston shooting has about 28 years of service https://t.co/cv8EIdamOE https://t.co/Roy6ekAOpp,https://t.co/cv8EIdamOE,2
786566932782776320,Thu Oct 13 13:59:05 +0000 2016,2016-10-13 08:15:17.437228,The Boston Globe,"Fast Forward: #Bruins season opener tonight, Happy Birthday to the Navy https://t.co/pbEBOCMnGi https://t.co/ha5WCQKczr",https://t.co/pbEBOCMnGi,3
786566741946171393,Thu Oct 13 13:58:19 +0000 2016,2016-10-13 08:15:17.437238,The Boston Globe,Suspect in East Boston shootout claimed online to be a constable in the city of Boston https://t.co/fnKKU9Dmb2 https://t.co/81HbZw6QdY,https://t.co/fnKKU9Dmb2,7
786565182948577281,Thu Oct 13 13:52:07 +0000 2016,2016-10-13 08:15:17.437249,The Boston Globe,Reports from the scene of East Boston shooting: https://t.co/DgZiMHaKZB https://t.co/goyKHYd2oy,https://t.co/DgZiMHaKZB,7
786564923627335680,Thu Oct 13 13:51:06 +0000 2016,2016-10-13 08:15:17.437259,The Boston Globe,"""I wouldn’t give up this team or this season for the world,"" David Ortiz tells Boston fans https://t.co/VWEHWq23LY… https://t.co/jDa890AWSY",https://t.co/VWEHWq23LY,6
786585557413535744,Thu Oct 13 15:13:05 +0000 2016,2016-10-13 08:15:17.789543,news.com.au,"Playboy hooks up with iTunes, Google Play https://t.co/cQ5A52kc2q",https://t.co/cQ5A52kc2q,0
786575900372525056,Thu Oct 13 14:34:43 +0000 2016,2016-10-13 08:15:17.789569,news.com.au,Mark Webber retires from racing https://t.co/quJxNNEvvQ,https://t.co/quJxNNEvvQ,6
786572285658398720,Thu Oct 13 14:20:21 +0000 2016,2016-10-13 08:15:17.789581,news.com.au,"With calm and intensity, we can achieve things https://t.co/C9Wtkf85Yl",https://t.co/C9Wtkf85Yl,1
786563664102948864,Thu Oct 13 13:46:05 +0000 2016,2016-10-13 08:15:17.789591,news.com.au,Hidden video: election bombshell https://t.co/vi20w1U8wU,https://t.co/vi20w1U8wU,3
786560256277086208,Thu Oct 13 13:32:33 +0000 2016,2016-10-13 08:15:17.789602,news.com.au,Thailand’s beloved king dies at 88 https://t.co/XAlBxB0h6d,https://t.co/XAlBxB0h6d,6
786556909935558656,Thu Oct 13 13:19:15 +0000 2016,2016-10-13 08:15:17.789613,news.com.au,Wally goes from King to a legend https://t.co/iRB1nBDco0,https://t.co/iRB1nBDco0,2
786536695328083968,Thu Oct 13 11:58:55 +0000 2016,2016-10-13 08:15:17.789623,news.com.au,#BobDylan has won the 2016 Nobel Prize in Literature.,,6
786536522665320448,Thu Oct 13 11:58:14 +0000 2016,2016-10-13 08:15:17.789634,news.com.au,"BREAKING: Royal Palace says Thailand's King Bhumibol, world's longest-reigning monarch, has died at age 88. (AP)",,8
786534028430102528,Thu Oct 13 11:48:20 +0000 2016,2016-10-13 08:15:17.789643,news.com.au,Record crowds has NBL buzzing https://t.co/CEu9svcv0i,https://t.co/CEu9svcv0i,7
786528810405654529,Thu Oct 13 11:27:36 +0000 2016,2016-10-13 08:15:17.789655,news.com.au,Case that could shatter Brexit https://t.co/k4CXQmBJ8a,https://t.co/k4CXQmBJ8a,1
786526919365914625,Thu Oct 13 11:20:05 +0000 2016,2016-10-13 08:15:17.789665,news.com.au,Millionaire bar owner Anthony Munro is a person of interest over the Beaumont children - missing since 1966: https://t.co/ZqAixhKupg,https://t.co/ZqAixhKupg,5
786526217503637504,Thu Oct 13 11:17:17 +0000 2016,2016-10-13 08:15:17.789675,news.com.au,"Lee, Hussey exit Channel Nine https://t.co/BqiWEBFAnY",https://t.co/BqiWEBFAnY,2
786524986085351424,Thu Oct 13 11:12:24 +0000 2016,2016-10-13 08:15:17.789686,news.com.au,Caceres: No one’s spot is safe https://t.co/E7frxDGyfz,https://t.co/E7frxDGyfz,1
786523652326039552,Thu Oct 13 11:07:06 +0000 2016,2016-10-13 08:15:17.789697,news.com.au,’Am I crazy?’ How to tell if you need help https://t.co/etxlFPi0uz,https://t.co/etxlFPi0uz,3
786522310031335424,Thu Oct 13 11:01:46 +0000 2016,2016-10-13 08:15:17.789707,news.com.au,Divergent star @shailenewoodley faces jail over arrest https://t.co/SlyhQOqrg8,https://t.co/SlyhQOqrg8,1
786522266767126532,Thu Oct 13 11:01:35 +0000 2016,2016-10-13 08:15:17.789718,news.com.au,Latest Album Reviews https://t.co/ewQm2mtgrw,https://t.co/ewQm2mtgrw,1
786521088025059329,Thu Oct 13 10:56:54 +0000 2016,2016-10-13 08:15:17.789728,news.com.au,‘Lying’: Hughes’ father rejects evidence https://t.co/ZAIJUDMpkK,https://t.co/ZAIJUDMpkK,4
786518691651477505,Thu Oct 13 10:47:23 +0000 2016,2016-10-13 08:15:17.789739,news.com.au,Shailene Woodley faces jail over arrest https://t.co/wMuRLAXHGk,https://t.co/wMuRLAXHGk,3
786516321345409024,Thu Oct 13 10:37:58 +0000 2016,2016-10-13 08:15:17.789750,news.com.au,The crazy amounts stars get paid to write books https://t.co/g7TFe2Oztw,https://t.co/g7TFe2Oztw,2
786513837767786496,Thu Oct 13 10:28:06 +0000 2016,2016-10-13 08:15:17.789760,news.com.au,"RT @hellojamesweir: #BacheloretteAU recap: We've officially stripped Osher of his date coordination duties...
https://t.co/SH3iqkJOOh",https://t.co/SH3iqkJOOh,2
786584661208207360,Thu Oct 13 15:09:31 +0000 2016,2016-10-13 08:15:18.056157,Sky News,MP Vicky Foxcroft shares loss of her baby: 'I never wanted to let her go' https://t.co/Ut5zDWb6PU,https://t.co/Ut5zDWb6PU,5
786582688388046848,Thu Oct 13 15:01:41 +0000 2016,2016-10-13 08:15:18.056184,Sky News,"Donald Trump has gone rogue, writes @WalkerSkyNews - and there's nothing the Republican party can do about it https://t.co/jsL6ZL4Lzo",https://t.co/jsL6ZL4Lzo,9
786577577041354752,Thu Oct 13 14:41:22 +0000 2016,2016-10-13 08:15:18.056197,Sky News,'Extremely dangerous' Hurricane Nicole approaches Bermuda https://t.co/5asZKgVN9P,https://t.co/5asZKgVN9P,25
786576848213962752,Thu Oct 13 14:38:29 +0000 2016,2016-10-13 08:15:18.056209,Sky News,Is Marmite the latest casualty of Brexit? https://t.co/I2ULH6UJ6U,https://t.co/I2ULH6UJ6U,19
786576821592678400,Thu Oct 13 14:38:22 +0000 2016,2016-10-13 08:15:18.056220,Sky News,Alleged serial Killer Stephen Port 'rang sister about body in his bed' https://t.co/R6F5mCjcwv,https://t.co/R6F5mCjcwv,4
786573812452040705,Thu Oct 13 14:26:25 +0000 2016,2016-10-13 08:15:18.056232,Sky News,Labour's @vickyfoxcroft moved MPs to tears revealing her private heartbreak during a #babylossdebate https://t.co/IkbsuJYTyD,https://t.co/IkbsuJYTyD,26
786572768288600064,Thu Oct 13 14:22:16 +0000 2016,2016-10-13 08:15:18.056243,Sky News,RT @ThePledge: Missed our #FacebookLive w @MichelleDewbs @graemelesaux14  and Greg Dyke? Watch it here to get your #ThePledge fix https://t…,,2
786569981282684928,Thu Oct 13 14:11:11 +0000 2016,2016-10-13 08:15:18.056253,Sky News,The children of #Aleppo - a generation born into war https://t.co/HSW5083WDV,,93
786567805550399488,Thu Oct 13 14:02:33 +0000 2016,2016-10-13 08:15:18.056264,Sky News,".@Tyson_Fury gives up his heavyweight titles to concentrate on his ""medical treatment and recovery"" https://t.co/Llxp6iKb9Q",https://t.co/Llxp6iKb9Q,21
786562752328400896,Thu Oct 13 13:42:28 +0000 2016,2016-10-13 08:15:18.056274,Sky News,"Monarch Airlines boss would ""love"" for flights to begin again between the UK and Sharm el-Sheikh https://t.co/niApmwMWHZ",https://t.co/niApmwMWHZ,10
786561048878931968,Thu Oct 13 13:35:42 +0000 2016,2016-10-13 08:15:18.056285,Sky News,Sky News owner reports a 7% rise in first-quarter sales https://t.co/all8hryAz1,https://t.co/all8hryAz1,7
786559695305773058,Thu Oct 13 13:30:19 +0000 2016,2016-10-13 08:15:18.056295,Sky News,Sky Data poll: Britons want Syria action https://t.co/t8w1xZ6p8H,https://t.co/t8w1xZ6p8H,10
786559387041226752,Thu Oct 13 13:29:06 +0000 2016,2016-10-13 08:15:18.056305,Sky News,An absence of new 'hard' Brexit talk appears to have had a calming influence on the value of the pound  https://t.co/iWnEI0XOyQ,https://t.co/iWnEI0XOyQ,25
786558939613761536,Thu Oct 13 13:27:19 +0000 2016,2016-10-13 08:15:18.056316,Sky News,Johnson cites Godfather in rejecting Spain's Gibraltar claims https://t.co/STRmgrUBUj,https://t.co/STRmgrUBUj,27
786556040636669952,Thu Oct 13 13:15:48 +0000 2016,2016-10-13 08:15:18.056327,Sky News,Pensions lifeboat that was BHS’s biggest creditor is demanding the company’s imminent liquidation  https://t.co/40p2rd4aWA,https://t.co/40p2rd4aWA,5
786553145988087808,Thu Oct 13 13:04:18 +0000 2016,2016-10-13 08:15:18.056337,Sky News,Universal state pension age could be scrapped - review https://t.co/lwEFGnQ3Qj,https://t.co/lwEFGnQ3Qj,23
786552722183032832,Thu Oct 13 13:02:37 +0000 2016,2016-10-13 08:15:18.056347,Sky News,RT @SkyNewsSwipe: Over 8 billion views and more than 15 million subscribers... @dantdm chats about life as a YouTube celebrity. Watch this…,,12
786552390631714816,Thu Oct 13 13:01:18 +0000 2016,2016-10-13 08:15:18.056358,Sky News,Scottish Government to publish plans for second independence referendum https://t.co/DInMxzPO0Y,https://t.co/DInMxzPO0Y,41
786549116390244352,Thu Oct 13 12:48:17 +0000 2016,2016-10-13 08:15:18.056368,Sky News,Ched Evans judge warns jury they are not expected to 'judge morals' https://t.co/nfvMBp8wnT,https://t.co/nfvMBp8wnT,4
786547795478114304,Thu Oct 13 12:43:02 +0000 2016,2016-10-13 08:15:18.056378,Sky News,Bob Dylan has won the @NobelPrize in Literature https://t.co/kdVDvz70Sv,https://t.co/kdVDvz70Sv,80
786582312410505221,Thu Oct 13 15:00:11 +0000 2016,2016-10-13 08:15:18.307656,SFGate,Read more on his 2016 Nobel Prize here: https://t.co/vqDj3aJdZi https://t.co/VszVOzeQ39,https://t.co/vqDj3aJdZi,4
786578123760349184,Thu Oct 13 14:43:33 +0000 2016,2016-10-13 08:15:18.307683,SFGate,"Debate sweetheart, Ken Bone, to auction his sweater for charity https://t.co/FoMTvH9pa2",https://t.co/FoMTvH9pa2,8
786578122892152832,Thu Oct 13 14:43:33 +0000 2016,2016-10-13 08:15:18.307696,SFGate,"Avocados are stuck in Mexico, but their prices are headed north https://t.co/rOoXC51jnA",https://t.co/rOoXC51jnA,0
786570654174711810,Thu Oct 13 14:13:52 +0000 2016,2016-10-13 08:15:18.307708,SFGate,"Don't think twice, it's all right: Bob Dylan wins Nobel Lit https://t.co/B85hPVR5sy",https://t.co/B85hPVR5sy,10
786570653285482496,Thu Oct 13 14:13:52 +0000 2016,2016-10-13 08:15:18.307720,SFGate,SF restaurants to get 1st new liquor licenses in 77 years https://t.co/n1gKZ61kUv,https://t.co/n1gKZ61kUv,5
786570652517924864,Thu Oct 13 14:13:51 +0000 2016,2016-10-13 08:15:18.307733,SFGate,"Nevius: After 36 years at Chronicle, it’s time to move on https://t.co/TrUPmczUMA",https://t.co/TrUPmczUMA,3
786570651570024448,Thu Oct 13 14:13:51 +0000 2016,2016-10-13 08:15:18.307745,SFGate,The world's longest reigning monarch dies https://t.co/R4Rf1R4UB9,https://t.co/R4Rf1R4UB9,3
786563098941362176,Thu Oct 13 13:43:51 +0000 2016,2016-10-13 08:15:18.307757,SFGate,Death in Pleasanton of Stockton toddler investigated as homicide https://t.co/7lfjfLWqnl,https://t.co/7lfjfLWqnl,1
786561744038604800,Thu Oct 13 13:38:28 +0000 2016,2016-10-13 08:15:18.307769,SFGate,Potrero Hill was 'pretty well demolished' 140 years ago https://t.co/tlM3m0qf8O,https://t.co/tlM3m0qf8O,6
786550765380775936,Thu Oct 13 12:54:50 +0000 2016,2016-10-13 08:15:18.307781,SFGate,Don't expect much Sierra snow from this approaching storm https://t.co/tnGd6dSjAz,https://t.co/tnGd6dSjAz,0
786550764382461957,Thu Oct 13 12:54:50 +0000 2016,2016-10-13 08:15:18.307793,SFGate,"Coast Guard issues coastal flood, high surf advisories for Friday https://t.co/4qe421S0Vy",https://t.co/4qe421S0Vy,1
786582358304690176,Thu Oct 13 15:00:22 +0000 2016,2016-10-13 08:15:18.631216,Al Jazeera English,Remembering Thailand's beloved King Bhumibol (1927 - 2016) https://t.co/Lx1arsfLF4 https://t.co/p58L5VPnQe,https://t.co/Lx1arsfLF4,60
786578140445315073,Thu Oct 13 14:43:37 +0000 2016,2016-10-13 08:15:18.631243,Al Jazeera English,"RT @AJpeoplepower: What role have hackers played in Syria’s conflict? 
Hacker Peter Fein joins us to give you the inside story #SyHacked ht…",,10
786574769399468033,Thu Oct 13 14:30:13 +0000 2016,2016-10-13 08:15:18.631255,Al Jazeera English,Syria's Aleppo: 99 civilians killed in two days https://t.co/HMAYugQMTk https://t.co/nTPcK3U8DL,https://t.co/HMAYugQMTk,96
786567284395565056,Thu Oct 13 14:00:28 +0000 2016,2016-10-13 08:15:18.631266,Al Jazeera English,Thailand's King Bhumibol Adulyadej's life in pictures https://t.co/a1uU7DoxO8 https://t.co/y8niXE2xq7,https://t.co/a1uU7DoxO8,726
786559661755564033,Thu Oct 13 13:30:11 +0000 2016,2016-10-13 08:15:18.631277,Al Jazeera English,Could a Bosnian Serb become mayor of Srebrenica? https://t.co/VVt1bY0qAs,https://t.co/VVt1bY0qAs,16
786552111274360836,Thu Oct 13 13:00:11 +0000 2016,2016-10-13 08:15:18.631288,Al Jazeera English,A secret network just a few kilometres from war-torn Syria is rescuing fighters who have decided to leave ISIL. https://t.co/UAwaIy8wL1,https://t.co/UAwaIy8wL1,39
786544564916158465,Thu Oct 13 12:30:12 +0000 2016,2016-10-13 08:15:18.631298,Al Jazeera English,What is Turkey trying to achieve in Iraq? https://t.co/Ow70zoy4fI https://t.co/psaJD6iYbd,https://t.co/Ow70zoy4fI,14
786543412442988544,Thu Oct 13 12:25:37 +0000 2016,2016-10-13 08:15:18.631309,Al Jazeera English,RT @AJENews: Life in pictures: Thai King Bhumibol Adulyadej https://t.co/gTtxugqkRL https://t.co/VDCMNKsWLZ,https://t.co/gTtxugqkRL,590
786542668348289024,Thu Oct 13 12:22:40 +0000 2016,2016-10-13 08:15:18.631319,Al Jazeera English,"RT @AJENews: Obituary: Remembering Thailand's beloved King Bhumibol, 1927 - 2016 https://t.co/TemvDowPKJ",https://t.co/TemvDowPKJ,556
786538496445915137,Thu Oct 13 12:06:05 +0000 2016,2016-10-13 08:15:18.631330,Al Jazeera English,"The brother of an Italian judge killed by the mafia is out for justice.
Watch 'A Very Sicilian Justice':… https://t.co/UC9IwByHdo",https://t.co/UC9IwByHdo,54
786537923197997056,Thu Oct 13 12:03:48 +0000 2016,2016-10-13 08:15:18.631341,Al Jazeera English,"RT @AJENews: UPDATE: Thailand's venerated King Bhumibol Adulyadej dies at the age of 88, palace announces. https://t.co/KqD4Zq9KtU",https://t.co/KqD4Zq9KtU,111
786537275618365440,Thu Oct 13 12:01:14 +0000 2016,2016-10-13 08:15:18.631351,Al Jazeera English,"RT @AJENews: WATCH LIVE: Thai King Bhumibol Adulyadej, who was world's longest-reigning monarch, dies at 88. Rolling coverage: https://t.co…",,164
786535710862012416,Thu Oct 13 11:55:01 +0000 2016,2016-10-13 08:15:18.631361,Al Jazeera English,"RT @AJENews: BREAKING: Thailand's King Bhumibol Adulyadej, who was the world's longest-reigning monarch, dies aged 88 https://t.co/hGzrK2N8…",,717
786534218004307969,Thu Oct 13 11:49:05 +0000 2016,2016-10-13 08:15:18.631371,Al Jazeera English,RT @AJENews: Sultan al-Qassemi: Artists are some of the only conduits in the Arab world between the government and the people. https://t.co…,,31
786529435507884032,Thu Oct 13 11:30:05 +0000 2016,2016-10-13 08:15:18.631381,Al Jazeera English,"370,000 children in Yemen were suffering from severe acute malnutrition as of August 2016 - @UNICEF https://t.co/VJDe9BptBV",https://t.co/VJDe9BptBV,92
786524443489304577,Thu Oct 13 11:10:14 +0000 2016,2016-10-13 08:15:18.631391,Al Jazeera English,"RT @AJENews: UPDATE: Bob Dylan wins Nobel Literature Prize for creating ""new poetic expressions within American song tradition"". https://t.…",,136
786522541963829248,Thu Oct 13 11:02:41 +0000 2016,2016-10-13 08:15:18.631401,Al Jazeera English,RT @AJENews: BREAKING: Singer-songwriter Bob Dylan wins 2016 Nobel Prize in Literature https://t.co/hGzrK2N8WC https://t.co/EOxFXuM3ve,https://t.co/hGzrK2N8WC,136
786521898133905408,Thu Oct 13 11:00:08 +0000 2016,2016-10-13 08:15:18.631412,Al Jazeera English,.@AJpeoplepower exposes how Peru's Amazonian rainforest is being stripped bare by corruption. https://t.co/LdGkE6BUM2,https://t.co/LdGkE6BUM2,77
786520117060534272,Thu Oct 13 10:53:03 +0000 2016,2016-10-13 08:15:18.631423,Al Jazeera English,"RT @AJENews: Boko Haram releases 21 of the 276 Chibok girls, Nigerian presidential spokesman says in a statement https://t.co/AyjPP8ipvY ht…",https://t.co/AyjPP8ipvY,168
786516744638791680,Thu Oct 13 10:39:39 +0000 2016,2016-10-13 08:15:18.631433,Al Jazeera English,"This Muslim school girl is breaking stereotypes in India.
India's Wushu Warrior Girl:
https://t.co/S5EEDxQge1 via… https://t.co/eHXSWeUuJ8",https://t.co/S5EEDxQge1,58
786585284972457984,Thu Oct 13 15:12:00 +0000 2016,2016-10-13 08:15:18.873563,The Independent,A map of most vegetarian friendly countries in Europe https://t.co/NX3dnL7586,https://t.co/NX3dnL7586,6
786584925579382785,Thu Oct 13 15:10:34 +0000 2016,2016-10-13 08:15:18.873665,The Independent,"Model Dylan Rieder dies, aged 28 https://t.co/mf3NOtn6rd https://t.co/sOVA9mtoVY",https://t.co/mf3NOtn6rd,3
786584719832080385,Thu Oct 13 15:09:45 +0000 2016,2016-10-13 08:15:18.873689,The Independent,Donald Trump's supporters want to ban women from voting so he can win the election https://t.co/0XflGZ3tdX https://t.co/QlmlTBx8e9,https://t.co/0XflGZ3tdX,15
786584378587709440,Thu Oct 13 15:08:24 +0000 2016,2016-10-13 08:15:18.873743,The Independent,Donald Trump saw a 10-year-old and said 'I'm going to be dating her in 10 years' https://t.co/WXLe4RZNH2,https://t.co/WXLe4RZNH2,18
786583891029155840,Thu Oct 13 15:06:28 +0000 2016,2016-10-13 08:15:18.873772,The Independent,MP shares heartbreaking story of the death of her daughter during baby loss debate https://t.co/L0Cm4m8VAY,https://t.co/L0Cm4m8VAY,4
786583523759157248,Thu Oct 13 15:05:00 +0000 2016,2016-10-13 08:15:18.873798,The Independent,5 posts for anyone who doesn't get that porn stars are normal people https://t.co/ZHoIlDQiL0,https://t.co/ZHoIlDQiL0,3
786583478234210304,Thu Oct 13 15:04:49 +0000 2016,2016-10-13 08:15:18.873819,The Independent,"RT @IndyFootball: Chelsea are not about to sack manager Antonio Conte, reports @JackdeMenezes https://t.co/zOB43gFaTr https://t.co/M66bfcQ8…",https://t.co/zOB43gFaTr,4
786582895452364800,Thu Oct 13 15:02:30 +0000 2016,2016-10-13 08:15:18.873839,The Independent,Porn watchers should expect their viewing histories to be made public https://t.co/BuDkNu7Z40 https://t.co/eqXBcdJ0mt,https://t.co/BuDkNu7Z40,6
786582769308696576,Thu Oct 13 15:02:00 +0000 2016,2016-10-13 08:15:18.873851,The Independent,Black Mirror incorrectly assumed there would at least be Marmite in the near-future https://t.co/gMpEt1SXB6 https://t.co/vYBaBBsEbM,https://t.co/gMpEt1SXB6,4
786581862969925632,Thu Oct 13 14:58:24 +0000 2016,2016-10-13 08:15:18.873862,The Independent,RT @IndyFootball: Tottenham to revive interest in Real Madrid outcast https://t.co/tBqUNOwRkG https://t.co/gDwxsTxptp,https://t.co/tBqUNOwRkG,2
786581804128071680,Thu Oct 13 14:58:10 +0000 2016,2016-10-13 08:15:18.873873,The Independent,"RT @TheIndyFilm: This Spider-Man scene wasn’t CGI, took Tobey Maguire 156 takes https://t.co/2w9hT8u2ZO https://t.co/6KkGW0EFRS",https://t.co/2w9hT8u2ZO,20
786581610728751104,Thu Oct 13 14:57:24 +0000 2016,2016-10-13 08:15:18.873883,The Independent,Unilever have addressed the Tesco Marmite row https://t.co/OTcUZTBnL6 https://t.co/NqCHFl728i,https://t.co/OTcUZTBnL6,7
786581509377449984,Thu Oct 13 14:57:00 +0000 2016,2016-10-13 08:15:18.873898,The Independent,People think the Vatican secretly knows about aliens because of the latest Wikileaks release https://t.co/owkcbbzFj1,https://t.co/owkcbbzFj1,17
786580798187134978,Thu Oct 13 14:54:10 +0000 2016,2016-10-13 08:15:18.873914,The Independent,A company is offering 'unsick' days for their employees https://t.co/NK4JGXjIqp,https://t.co/NK4JGXjIqp,5
786580502950060042,Thu Oct 13 14:53:00 +0000 2016,2016-10-13 08:15:18.873925,The Independent,Can you get more than 80 per cent on these fiendishly tricky dot tests? https://t.co/rGZi7HdHHc,https://t.co/rGZi7HdHHc,1
786579914560372741,Thu Oct 13 14:50:40 +0000 2016,2016-10-13 08:15:18.873936,The Independent,RT @IndyUSA: Ronald McDonald lying low until 'creepy clown scare blows over https://t.co/HLx8nCvjG1 https://t.co/HOOS9DjFMK,https://t.co/HLx8nCvjG1,14
786579751750111232,Thu Oct 13 14:50:01 +0000 2016,2016-10-13 08:15:18.873947,The Independent,"Man tries out new 'exotic' sex position, snaps penis https://t.co/MOMyN0tD3f",https://t.co/MOMyN0tD3f,4
786579691561947136,Thu Oct 13 14:49:47 +0000 2016,2016-10-13 08:15:18.873958,The Independent,RT @Independent: Tinder just introduced a feature that will instantly get you more matches https://t.co/n51jT5UucO https://t.co/QuBn9n1va8,https://t.co/n51jT5UucO,7
786579572171149312,Thu Oct 13 14:49:18 +0000 2016,2016-10-13 08:15:18.873971,The Independent,This woman quit her corporate job and she's been travelling the world ever since https://t.co/bqal2XE0Bk,https://t.co/bqal2XE0Bk,2
786579476264132608,Thu Oct 13 14:48:55 +0000 2016,2016-10-13 08:15:18.874006,The Independent,RT @IndyFootball: Zlatan Ibrahimovic and Paul Pogba lead Premier League shirt sales - but who comes out on top? https://t.co/KSi5CIZsjA htt…,https://t.co/KSi5CIZsjA,3
786586055134834688,Thu Oct 13 15:15:04 +0000 2016,2016-10-13 08:15:19.134313,The Guardian,American Honey review – on the highway to sell https://t.co/WmNjobOWov,https://t.co/WmNjobOWov,0
786585966639214592,Thu Oct 13 15:14:43 +0000 2016,2016-10-13 08:15:19.134336,The Guardian,Would an ‘Atlantic league’ be good for European club football? https://t.co/DW4rwGOTsi,https://t.co/DW4rwGOTsi,0
786585381957402624,Thu Oct 13 15:12:23 +0000 2016,2016-10-13 08:15:19.134360,The Guardian,Little sympathy for Unilever in town where Marmite is made https://t.co/aijHfGArcm,https://t.co/aijHfGArcm,8
786585297849024512,Thu Oct 13 15:12:03 +0000 2016,2016-10-13 08:15:19.134380,The Guardian,Dario Fo: a theatrical jester who made us laugh in the face of tragedy https://t.co/ebMXtRHA31,https://t.co/ebMXtRHA31,17
786585035688247296,Thu Oct 13 15:11:01 +0000 2016,2016-10-13 08:15:19.134398,The Guardian,Electric vehicles could go first at traffic lights under UK clean air zone plans https://t.co/1jN4hnLviz,https://t.co/1jN4hnLviz,10
786584342734761984,Thu Oct 13 15:08:15 +0000 2016,2016-10-13 08:15:19.134418,The Guardian,From Reluctant Athlete to Olympic gold – farewell to Jessica Ennis-Hill | Andy Bull https://t.co/Eqg3jmKQaU via @guardian_sport,https://t.co/Eqg3jmKQaU,5
786583489906872321,Thu Oct 13 15:04:52 +0000 2016,2016-10-13 08:15:19.134436,The Guardian,Are these the lyrics that won Bob Dylan a Nobel prize? https://t.co/WxXQLEdNNO,https://t.co/WxXQLEdNNO,56
786582906735042560,Thu Oct 13 15:02:33 +0000 2016,2016-10-13 08:15:19.134454,The Guardian,Boris Johnson takes waffling to world-beating levels https://t.co/M9bdgrLMjY,https://t.co/M9bdgrLMjY,25
786581901754699778,Thu Oct 13 14:58:34 +0000 2016,2016-10-13 08:15:19.134473,The Guardian,MP Vicky Foxcroft tells Commons how she lost her baby – video https://t.co/1UbFqjo5P0,https://t.co/1UbFqjo5P0,9
786579515803852800,Thu Oct 13 14:49:05 +0000 2016,2016-10-13 08:15:19.134518,The Guardian,What will happen next after the death of Thailand's king? https://t.co/HcXI1UOnpe,https://t.co/HcXI1UOnpe,38
786579092346966016,Thu Oct 13 14:47:24 +0000 2016,2016-10-13 08:15:19.134543,The Guardian,"Areas of NHS will implode this winter, expert warns https://t.co/nR7MBsUN1n",https://t.co/nR7MBsUN1n,20
786578891850838016,Thu Oct 13 14:46:36 +0000 2016,2016-10-13 08:15:19.134556,The Guardian,"Goodbye art history A-level, you served the elite well | Jonathan Jones https://t.co/2OjQZtaG0k",https://t.co/2OjQZtaG0k,16
786578237057097728,Thu Oct 13 14:44:00 +0000 2016,2016-10-13 08:15:19.134568,The Guardian,Eamonn Holmes cut off mid-sentence during Sky News farewell  https://t.co/rfIpT7KJP9,https://t.co/rfIpT7KJP9,5
786577873922625536,Thu Oct 13 14:42:33 +0000 2016,2016-10-13 08:15:19.134578,The Guardian,American Honey review – on the highway to sell https://t.co/HvyDozWwYO,https://t.co/HvyDozWwYO,6
786577812857774080,Thu Oct 13 14:42:19 +0000 2016,2016-10-13 08:15:19.134589,The Guardian,Mø: ‘I love pop music. But I also love super DIY hardcore punk’ https://t.co/Oi0ho2D3oy,https://t.co/Oi0ho2D3oy,11
786577291858108416,Thu Oct 13 14:40:14 +0000 2016,2016-10-13 08:15:19.134600,The Guardian,Power stations to get early warning against jellyfish invasions https://t.co/XuXHY8gHJW,https://t.co/XuXHY8gHJW,15
786575353309528064,Thu Oct 13 14:32:32 +0000 2016,2016-10-13 08:15:19.134611,The Guardian,Why Brexit will hurt the prospects for peace in the Middle East | Ranj Alaaldin https://t.co/8uyBBjfjnp,https://t.co/8uyBBjfjnp,23
786574984634363904,Thu Oct 13 14:31:04 +0000 2016,2016-10-13 08:15:19.134622,The Guardian,Are you volunteering in the Calais refugee camp? We'd like you to share your experiences with us. Email: carmen.fishwick@theguardian.com,,12
786574570870497280,Thu Oct 13 14:29:26 +0000 2016,2016-10-13 08:15:19.134632,The Guardian,"Derbyshire body in lay-by was missing head and limbs, police say https://t.co/tngTtoMwA6",https://t.co/tngTtoMwA6,2
786574475299057665,Thu Oct 13 14:29:03 +0000 2016,2016-10-13 08:15:19.134643,The Guardian,"Derbyshire body in lay-by was missing head and limbs, police say https://t.co/DX8aZTtK0s",https://t.co/DX8aZTtK0s,6
786580581190504449,Thu Oct 13 14:53:19 +0000 2016,2016-10-13 08:15:19.407805,Los Angeles Times,"Who ever imagined that an American musician would win the Nobel Prize in literature? Congratulations, Bob Dylan.… https://t.co/Mm7nm5D0xJ",https://t.co/Mm7nm5D0xJ,149
786574542193975296,Thu Oct 13 14:29:19 +0000 2016,2016-10-13 08:15:19.407830,Los Angeles Times,"In San Bernardino’s “Korean Valley,” the Blue Cut Fire shattered dreams and destroyed a haven for immigrants… https://t.co/5hbYSKpqBQ",https://t.co/5hbYSKpqBQ,15
786570981171232768,Thu Oct 13 14:15:10 +0000 2016,2016-10-13 08:15:19.407842,Los Angeles Times,"At the height of Ebola crisis, ZMapp was a popular drug. But a clinical trial has failed to prove its effectiveness. https://t.co/W1l4dsodey",https://t.co/W1l4dsodey,5
786570976301637632,Thu Oct 13 14:15:09 +0000 2016,2016-10-13 08:15:19.407854,Los Angeles Times,"Expat Americans are mostly pro-Clinton, and they could be crucial if the presidential election is close enough https://t.co/BMe2Pixz7S",https://t.co/BMe2Pixz7S,17
786570946337529856,Thu Oct 13 14:15:02 +0000 2016,2016-10-13 08:15:19.407864,Los Angeles Times,"Today, police from around the country are expected at the memorial for slain L.A. sheriff's sergeant Steve Owen… https://t.co/WWR8fjg12n",https://t.co/WWR8fjg12n,10
786568497912569856,Thu Oct 13 14:05:18 +0000 2016,2016-10-13 08:15:19.407875,Los Angeles Times,Fatal wrong-way crash causes closure and delays on 10 Freeway in Montclair https://t.co/iHSsFQNZmp,https://t.co/iHSsFQNZmp,4
786564044555751424,Thu Oct 13 13:47:36 +0000 2016,2016-10-13 08:15:19.407886,Los Angeles Times,"South Bay power outage was caused by faulty wiring, SoCal Edison says https://t.co/sp2rLOPFuv https://t.co/D8JmzpacIc",https://t.co/sp2rLOPFuv,11
786558993456062464,Thu Oct 13 13:27:32 +0000 2016,2016-10-13 08:15:19.407896,Los Angeles Times,"It's magnet school application time in L.A., and some schools are incredibly hard to get into… https://t.co/uRQVaYERbN",https://t.co/uRQVaYERbN,15
786555608124289024,Thu Oct 13 13:14:05 +0000 2016,2016-10-13 08:15:19.407907,Los Angeles Times,Trump inches back after falling behind Clinton in our daily tracking poll for the first time since early September… https://t.co/Bw9PgSDknP,https://t.co/Bw9PgSDknP,50
786552281332387840,Thu Oct 13 13:00:51 +0000 2016,2016-10-13 08:15:19.407918,Los Angeles Times,Trump attorneys demand NY Times retract its story about two women's sexual assault claims https://t.co/EibE53t4GT https://t.co/a3zEui5HR3,https://t.co/EibE53t4GT,25
786548973578387456,Thu Oct 13 12:47:43 +0000 2016,2016-10-13 08:15:19.407928,Los Angeles Times,Remember #BringBackOurGirls? 21 of the 218 missing Nigerian schoolgirls abducted in 2014 by Boko Haram are released https://t.co/koYoyxMFyL,https://t.co/koYoyxMFyL,61
786545876621819904,Thu Oct 13 12:35:24 +0000 2016,2016-10-13 08:15:19.407939,Los Angeles Times,Los Angeles wins nearly $65 million in state funds for affordable housing projects https://t.co/Gh7rBjJcES https://t.co/oFAuJVUqsX,https://t.co/Gh7rBjJcES,32
786538766462754820,Thu Oct 13 12:07:09 +0000 2016,2016-10-13 08:15:19.407949,Los Angeles Times,"Thailand's King Bhumibol, world's longest-reigning monarch, dead at 88 https://t.co/IxOWGY3jIa",https://t.co/IxOWGY3jIa,32
786538539949367296,Thu Oct 13 12:06:15 +0000 2016,2016-10-13 08:15:19.407960,Los Angeles Times,The Wells Fargo train is stopped -- but the fallout will continue. More news you need to know today: https://t.co/N5STzcCr9V,https://t.co/N5STzcCr9V,13
786525710869467137,Thu Oct 13 11:15:17 +0000 2016,2016-10-13 08:15:19.407970,Los Angeles Times,"In Hurricane Matthew's wake, Haiti is left to face an old foe: cholera https://t.co/fyd9x4enS0 https://t.co/pAKtlnCEqQ",https://t.co/fyd9x4enS0,17
786524413462253568,Thu Oct 13 11:10:07 +0000 2016,2016-10-13 08:15:19.407981,Los Angeles Times,Bob Dylan wins the Nobel Prize in Literature https://t.co/bmZ5OxQSF6,https://t.co/bmZ5OxQSF6,57
786519293936668672,Thu Oct 13 10:49:47 +0000 2016,2016-10-13 08:15:19.407991,Los Angeles Times,21 Nigerian schoolgirls abducted by Boko Haram reportedly released https://t.co/ycGtXE3gcn,https://t.co/ycGtXE3gcn,45
786510605482094592,Thu Oct 13 10:15:15 +0000 2016,2016-10-13 08:15:19.408002,Los Angeles Times,Johnny Depp sells one-fifth of his penthouse collection in L.A. for $2.5 million https://t.co/5cHh16PRNg https://t.co/T87JgANcRs,https://t.co/5cHh16PRNg,18
786508845984182272,Thu Oct 13 10:08:16 +0000 2016,2016-10-13 08:15:19.408012,Los Angeles Times,Pro-Clinton millennials could make the difference in Florida -- but there's a catch https://t.co/W0gc7NMkwV https://t.co/zJK5nrxy4E,https://t.co/W0gc7NMkwV,10
786495499062894592,Thu Oct 13 09:15:14 +0000 2016,2016-10-13 08:15:19.408023,Los Angeles Times,"Dr. J. Thomas Ungerleider, one of the researchers who proved medical benefits of marijuana, dies at 85… https://t.co/7zIGxnDnhy",https://t.co/7zIGxnDnhy,33
786582752518897664,Thu Oct 13 15:01:56 +0000 2016,2016-10-13 08:15:19.959188,ABC News,"Drone video shows intense flooding in Fair Bluff, North Carolina days after Hurricane Matthew hit the town.… https://t.co/oKKJp1QwoQ",https://t.co/oKKJp1QwoQ,49
786579010004344832,Thu Oct 13 14:47:04 +0000 2016,2016-10-13 08:15:19.959217,ABC News,"The ""extremely dangerous Hurricane Nicole"" is closing in on Bermuda as a Category 3 hurricane with 125 mph winds.… https://t.co/lZ0YVHDcbt",https://t.co/lZ0YVHDcbt,77
786574964854054912,Thu Oct 13 14:31:00 +0000 2016,2016-10-13 08:15:19.959230,ABC News,"Indian airline introduces new ""Quiet Zones"" - rows 1 to 4 and 11 to 14 - where children under 12 are not allowed.… https://t.co/gvNnppRfsR",https://t.co/gvNnppRfsR,30
786569062109282304,Thu Oct 13 14:07:32 +0000 2016,2016-10-13 08:15:19.959242,ABC News,"JUST IN: Sec. Kerry on passing of King Bhumibol: ""The US stands with the people of Thailand at this difficult time.… https://t.co/qrDmSgN2Ga",https://t.co/qrDmSgN2Ga,97
786567826618322945,Thu Oct 13 14:02:38 +0000 2016,2016-10-13 08:15:19.959253,ABC News,Gov. McCrory: Caitlyn Jenner will be required to use men’s room at public facilities in NC if she comes to visit.… https://t.co/zEZBAebBHS,https://t.co/zEZBAebBHS,88
786566049021952000,Thu Oct 13 13:55:34 +0000 2016,2016-10-13 08:15:19.959265,ABC News,Bob Dylan wins the 2016 Nobel Prize in literature. Here's everything you need to know about the music legend:… https://t.co/Odzv8aLC5R,https://t.co/Odzv8aLC5R,514
786562401655193600,Thu Oct 13 13:41:04 +0000 2016,2016-10-13 08:15:19.959276,ABC News,Samsung expands recall of Galaxy Note 7s in the U.S. to include all replacement devices that were offered.… https://t.co/WAomBfauL4,https://t.co/WAomBfauL4,71
786562400765878272,Thu Oct 13 13:41:04 +0000 2016,2016-10-13 08:15:19.959287,ABC News,"JUST IN: Pres. Obama on the passing of King Bhumibol: ""Today we hold the Thai people in our thoughts and prayers.""… https://t.co/BveQlAJKgy",https://t.co/BveQlAJKgy,2233
786557634010812416,Thu Oct 13 13:22:08 +0000 2016,2016-10-13 08:15:19.959298,ABC News,"Trump campaign pulls out of Virginia, reallocates resources to more competitive battleground states:… https://t.co/fNEM19QyTY",https://t.co/fNEM19QyTY,86
786555974085738496,Thu Oct 13 13:15:32 +0000 2016,2016-10-13 08:15:19.959309,ABC News,"Giuliani apologizes after accusing Hillary Clinton of lying about being in New York on 9/11. ""I made a mistake.""… https://t.co/sWfWTmmAYx",https://t.co/sWfWTmmAYx,208
786551006243028992,Thu Oct 13 12:55:47 +0000 2016,2016-10-13 08:15:19.959320,ABC News,21 Chibok schoolgirls released by Boko Haram in Nigeria 2 years after being kidnapped. Nearly 200 remain missing.… https://t.co/u74KV4NsZV,https://t.co/u74KV4NsZV,139
786548057735245825,Thu Oct 13 12:44:04 +0000 2016,2016-10-13 08:15:19.959332,ABC News,Clinton's relationship with banks detailed in purportedly hacked emails: https://t.co/tJLQlqYMRQ https://t.co/Owd59qtSUH,https://t.co/tJLQlqYMRQ,59
786547558537723904,Thu Oct 13 12:42:05 +0000 2016,2016-10-13 08:15:19.959343,ABC News,"Vice President Biden says Trump's alleged behavior a ""cardinal sin"" after women claim he once groped them https://t.co/mYL0xg3auR",https://t.co/mYL0xg3auR,77
786546498637037568,Thu Oct 13 12:37:53 +0000 2016,2016-10-13 08:15:19.959354,ABC News,Suspect identified in shooting of 2 Boston police officers: https://t.co/Za1a3kooWP https://t.co/M6lRZTLV1p,https://t.co/Za1a3kooWP,38
786543278955061248,Thu Oct 13 12:25:05 +0000 2016,2016-10-13 08:15:19.959365,ABC News,"UN Human Rights Chief on if Trump was elected president: ""I think it's without any doubt that he would be dangerous… https://t.co/0IDJBTpddH",https://t.co/0IDJBTpddH,125
786541909779054592,Thu Oct 13 12:19:39 +0000 2016,2016-10-13 08:15:19.959377,ABC News,RT @GMA: 18 days until Halloween! 🎃 https://t.co/McfJobuGHq,,178
786541893177966592,Thu Oct 13 12:19:35 +0000 2016,2016-10-13 08:15:19.959387,ABC News,RT @GMA: Former British Prime Minister Margaret Thatcher was born on this day in 1925. She would have turned 91 today... https://t.co/vhk4O…,,55
786538658027503616,Thu Oct 13 12:06:43 +0000 2016,2016-10-13 08:15:19.959398,ABC News,"JUST IN: Thailand's Royal Palace says King Bhumibol, the world's longest-reigning monarch, has died at age 88. https://t.co/qnUWubljyX",https://t.co/qnUWubljyX,263
786537331431972865,Thu Oct 13 12:01:27 +0000 2016,2016-10-13 08:15:19.959409,ABC News,"Donald Trump invested up to $1 million in the company behind the controversial Dakota Access Pipeline, records show… https://t.co/IAuIg5z8vn",https://t.co/IAuIg5z8vn,154
786534094129725440,Thu Oct 13 11:48:35 +0000 2016,2016-10-13 08:15:19.959419,ABC News,"RT @GMA: WATCH: The newest trailer for #RogueOne: A @StarWars Story, flying into theaters on December 16th https://t.co/DKPp04kq9G",,507
786582138116198401,Thu Oct 13 14:59:30 +0000 2016,2016-10-13 08:15:20.177070,Bloomberg LP,Hedge funds are China’s newest export as quants flock abroad: https://t.co/o8plW3n9eB https://t.co/IMgEV09E0u,https://t.co/o8plW3n9eB,5
786570599065845760,Thu Oct 13 14:13:39 +0000 2016,2016-10-13 08:15:20.759181,Businessweek,Why Mark Cuban changed his mind on Donald Trump https://t.co/02SOmots7j https://t.co/PPDO2DSs8D,https://t.co/02SOmots7j,12
786555275234910208,Thu Oct 13 13:12:45 +0000 2016,2016-10-13 08:15:20.759205,Businessweek,The owner of this $12 million house was once a drug addict and a bank robber https://t.co/Dav3sCj03I https://t.co/X1pfihVNST,https://t.co/Dav3sCj03I,4
786547089220177920,Thu Oct 13 12:40:14 +0000 2016,2016-10-13 08:15:20.759216,Businessweek,The truth about Elon Musk's troubles https://t.co/WB6RTT2Gfi https://t.co/u3tKOyrsxS,https://t.co/WB6RTT2Gfi,16
786533925623631872,Thu Oct 13 11:47:55 +0000 2016,2016-10-13 08:15:20.759227,Businessweek,RT @business: Univision’s billionaire chairman sets his sights on the U.S. election https://t.co/zGxzWAbvJS https://t.co/HULIgSyv3h,https://t.co/zGxzWAbvJS,26
786511645971537920,Thu Oct 13 10:19:23 +0000 2016,2016-10-13 08:15:20.759238,Businessweek,NEW COVER: Haim Saban wants to put Clinton in the White House and take Univision public https://t.co/9df5V2AkX2 https://t.co/SdzILJUhT9,https://t.co/9df5V2AkX2,40
786586077796638721,Thu Oct 13 15:15:09 +0000 2016,2016-10-13 08:15:21.056824,TIME,Here's the recall deal Samsung is offering Note 7 buyers https://t.co/PnVU4Yojf1,https://t.co/PnVU4Yojf1,0
786584807237160960,Thu Oct 13 15:10:06 +0000 2016,2016-10-13 08:15:21.056846,TIME,"Misconduct complaint against Chris Christie can proceed, judge rules https://t.co/diXW9AJxKa",https://t.co/diXW9AJxKa,28
786583553576411136,Thu Oct 13 15:05:07 +0000 2016,2016-10-13 08:15:21.056857,TIME,Queen Elizabeth is now the world's longest-reigning monarch https://t.co/u5rQVUU6Iz,https://t.co/u5rQVUU6Iz,156
786582359898525696,Thu Oct 13 15:00:23 +0000 2016,2016-10-13 08:15:21.056867,TIME,The 6 biggest mistakes trainers see you making at the gym https://t.co/yH9vBfoJu5,https://t.co/yH9vBfoJu5,9
786581009772994560,Thu Oct 13 14:55:01 +0000 2016,2016-10-13 08:15:21.056878,TIME,Hillary Clinton: Why America is exceptional https://t.co/KdvqJUTds1,https://t.co/KdvqJUTds1,46
786579770662346752,Thu Oct 13 14:50:05 +0000 2016,2016-10-13 08:15:21.056889,TIME,Soylent to customers: Throw away our food bars https://t.co/49hfdt7mio,https://t.co/49hfdt7mio,14
786578549025234944,Thu Oct 13 14:45:14 +0000 2016,2016-10-13 08:15:21.056899,TIME,U.N. General Assembly elects Antonio Guterres as Secretary-General https://t.co/gx9Rkcf7A3,https://t.co/gx9Rkcf7A3,56
786577248572825602,Thu Oct 13 14:40:04 +0000 2016,2016-10-13 08:15:21.056909,TIME,This is what's happening at the Prince tribute concert Thursday night https://t.co/dmZyb8Oqbs,https://t.co/dmZyb8Oqbs,31
786576413663064064,Thu Oct 13 14:36:45 +0000 2016,2016-10-13 08:15:21.056919,TIME,"""The Issues: What's at stake in 2016"" https://t.co/kvyLUcnsGK",https://t.co/kvyLUcnsGK,12
786574757764427776,Thu Oct 13 14:30:10 +0000 2016,2016-10-13 08:15:21.056929,TIME,"""Why the Russian hacks of Hillary Clinton's campaign should reassure us all"" https://t.co/JVFxSMaJlG",https://t.co/JVFxSMaJlG,35
786573450710253568,Thu Oct 13 14:24:59 +0000 2016,2016-10-13 08:15:21.056939,TIME,More than 65 killed in Aleppo in the last three days https://t.co/AZaSBUiE2V,https://t.co/AZaSBUiE2V,74
786572221850456064,Thu Oct 13 14:20:06 +0000 2016,2016-10-13 08:15:21.056948,TIME,When LIFE photographed Thai King Bhumibol Adulyadej in 1960 https://t.co/VuRGIyRkHB,https://t.co/VuRGIyRkHB,1019
786570971645898752,Thu Oct 13 14:15:08 +0000 2016,2016-10-13 08:15:21.056958,TIME,Tom Brady apparently can't bring himself to denounce 'locker room talk' https://t.co/vQ3MPS8XnU,https://t.co/vQ3MPS8XnU,61
786569722439602176,Thu Oct 13 14:10:10 +0000 2016,2016-10-13 08:15:21.056967,TIME,10 questions with Jeremy Corbyn https://t.co/lqqV0cP9uf,https://t.co/lqqV0cP9uf,14
786567303097753602,Thu Oct 13 14:00:33 +0000 2016,2016-10-13 08:15:21.056976,TIME,Here's why election day seems so late this year https://t.co/GAGzlUwyHe,https://t.co/GAGzlUwyHe,9
786565917631275008,Thu Oct 13 13:55:03 +0000 2016,2016-10-13 08:15:21.056985,TIME,World leaders and royalty mourn the death of Thai King Bhumibol Adulyadej https://t.co/rXbQoVODch,https://t.co/rXbQoVODch,458
786564663169474560,Thu Oct 13 13:50:04 +0000 2016,2016-10-13 08:15:21.056995,TIME,The ultimate virtual reality buyer's guide https://t.co/W47UMpW9bQ,https://t.co/W47UMpW9bQ,29
786563421290504192,Thu Oct 13 13:45:07 +0000 2016,2016-10-13 08:15:21.057004,TIME,"People writer says Donald Trump 'attacked' her: ""He was forcing his tongue down my throat"" https://t.co/wOofcMjkPB",https://t.co/wOofcMjkPB,100
786562191474454528,Thu Oct 13 13:40:14 +0000 2016,2016-10-13 08:15:21.057013,TIME,Life in pictures: King Bhumibol Adulyadej of Thailand https://t.co/pdrYZagzp0 https://t.co/zCk69BFZSq,https://t.co/pdrYZagzp0,495
786559646555332608,Thu Oct 13 13:30:07 +0000 2016,2016-10-13 08:15:21.057022,TIME,"JoJo: ""I will never have a thigh gap and it's all good"" https://t.co/ijaUJDv81L",https://t.co/ijaUJDv81L,27
